frame.number,frame.time,eth.src,eth.dst,ip.src,ip.dst,ip.proto
"1","Dec 31, 2009 18:00:29.651780000 CST","08:00:27:91:fd:44","ff:ff:ff:ff:ff:ff","0.0.0.0","255.255.255.255","17"
"2","Dec 31, 2009 18:00:29.652048000 CST","52:54:00:12:35:00","08:00:27:91:fd:44","10.0.2.2","10.0.2.15","17"
"3","Dec 31, 2009 18:00:29.655825000 CST","08:00:27:91:fd:44","ff:ff:ff:ff:ff:ff","0.0.0.0","255.255.255.255","17"
"4","Dec 31, 2009 18:00:29.655969000 CST","52:54:00:12:35:00","08:00:27:91:fd:44","10.0.2.2","10.0.2.15","17"
"5","Dec 31, 2009 18:00:29.669413000 CST","08:00:27:91:fd:44","ff:ff:ff:ff:ff:ff",,,
"6","Dec 31, 2009 18:00:29.975342000 CST","08:00:27:91:fd:44","ff:ff:ff:ff:ff:ff",,,
"7","Dec 31, 2009 18:00:30.971198000 CST","08:00:27:91:fd:44","ff:ff:ff:ff:ff:ff",,,
"8","Dec 31, 2009 18:00:32.055129000 CST","08:00:27:91:fd:44","ff:ff:ff:ff:ff:ff","10.0.2.15","10.0.2.255","17"
"9","Dec 31, 2009 18:00:32.103465000 CST","08:00:27:91:fd:44","01:00:5e:00:00:16","10.0.2.15","224.0.0.22","2"
"10","Dec 31, 2009 18:00:32.106181000 CST","52:54:00:12:35:00","08:00:27:91:fd:44","10.0.2.2","10.0.2.15","1"
"11","Dec 31, 2009 18:00:32.809491000 CST","08:00:27:91:fd:44","ff:ff:ff:ff:ff:ff","10.0.2.15","10.0.2.255","17"
"12","Dec 31, 2009 18:00:32.976430000 CST","08:00:27:91:fd:44","01:00:5e:00:00:16","10.0.2.15","224.0.0.22","2"
"13","Dec 31, 2009 18:00:32.976559000 CST","52:54:00:12:35:00","08:00:27:91:fd:44","10.0.2.2","10.0.2.15","1"
"14","Dec 31, 2009 18:00:33.557594000 CST","08:00:27:91:fd:44","ff:ff:ff:ff:ff:ff","10.0.2.15","10.0.2.255","17"
"15","Dec 31, 2009 18:00:34.308827000 CST","08:00:27:91:fd:44","ff:ff:ff:ff:ff:ff","10.0.2.15","10.0.2.255","17"
"16","Dec 31, 2009 18:00:35.101746000 CST","08:00:27:91:fd:44","ff:ff:ff:ff:ff:ff","10.0.2.15","10.0.2.255","17"
"17","Dec 31, 2009 18:00:35.851451000 CST","08:00:27:91:fd:44","ff:ff:ff:ff:ff:ff","10.0.2.15","10.0.2.255","17"
"18","Dec 31, 2009 18:00:36.603080000 CST","08:00:27:91:fd:44","ff:ff:ff:ff:ff:ff","10.0.2.15","10.0.2.255","17"
"19","Dec 31, 2009 18:00:37.355116000 CST","08:00:27:91:fd:44","ff:ff:ff:ff:ff:ff","10.0.2.15","10.0.2.255","17"
"20","Dec 31, 2009 18:00:37.988225000 CST","08:00:27:91:fd:44","ff:ff:ff:ff:ff:ff",,,
"21","Dec 31, 2009 18:00:37.988378000 CST","52:54:00:12:35:00","08:00:27:91:fd:44",,,
"22","Dec 31, 2009 18:00:37.989474000 CST","08:00:27:91:fd:44","52:54:00:12:35:02","10.0.2.15","192.168.56.50","6"
"23","Dec 31, 2009 18:00:37.991481000 CST","52:54:00:12:35:00","08:00:27:91:fd:44","192.168.56.50","10.0.2.15","6"
"24","Dec 31, 2009 18:00:37.992555000 CST","08:00:27:91:fd:44","52:54:00:12:35:02","10.0.2.15","192.168.56.50","6"
"25","Dec 31, 2009 18:00:38.036713000 CST","08:00:27:91:fd:44","52:54:00:12:35:02","10.0.2.15","192.168.56.50","6"
"26","Dec 31, 2009 18:00:38.079678000 CST","52:54:00:12:35:00","08:00:27:91:fd:44","192.168.56.50","10.0.2.15","6"
"27","Dec 31, 2009 18:00:38.087795000 CST","52:54:00:12:35:00","08:00:27:91:fd:44","192.168.56.50","10.0.2.15","6"
"28","Dec 31, 2009 18:00:38.087851000 CST","52:54:00:12:35:00","08:00:27:91:fd:44","192.168.56.50","10.0.2.15","6"
"29","Dec 31, 2009 18:00:38.089612000 CST","08:00:27:91:fd:44","52:54:00:12:35:02","10.0.2.15","192.168.56.50","6"
"30","Dec 31, 2009 18:00:38.106552000 CST","08:00:27:91:fd:44","ff:ff:ff:ff:ff:ff","10.0.2.15","10.0.2.255","17"
"31","Dec 31, 2009 18:00:38.108150000 CST","08:00:27:91:fd:44","ff:ff:ff:ff:ff:ff","10.0.2.15","10.0.2.255","17"
"32","Dec 31, 2009 18:00:38.188406000 CST","08:00:27:91:fd:44","52:54:00:12:35:02","10.0.2.15","192.168.56.50","6"
"33","Dec 31, 2009 18:00:38.188552000 CST","52:54:00:12:35:00","08:00:27:91:fd:44","192.168.56.50","10.0.2.15","6"
"34","Dec 31, 2009 18:00:38.189824000 CST","52:54:00:12:35:00","08:00:27:91:fd:44","192.168.56.50","10.0.2.15","6"
"35","Dec 31, 2009 18:00:38.267366000 CST","08:00:27:91:fd:44","52:54:00:12:35:02","10.0.2.15","192.168.56.50","6"
"36","Dec 31, 2009 18:00:38.269880000 CST","52:54:00:12:35:00","08:00:27:91:fd:44","192.168.56.50","10.0.2.15","6"
"37","Dec 31, 2009 18:00:38.276446000 CST","52:54:00:12:35:00","08:00:27:91:fd:44","192.168.56.50","10.0.2.15","6"
"38","Dec 31, 2009 18:00:38.279171000 CST","08:00:27:91:fd:44","52:54:00:12:35:02","10.0.2.15","192.168.56.52","6"
"39","Dec 31, 2009 18:00:38.281169000 CST","52:54:00:12:35:00","08:00:27:91:fd:44","192.168.56.52","10.0.2.15","6"
"40","Dec 31, 2009 18:00:38.281904000 CST","08:00:27:91:fd:44","52:54:00:12:35:02","10.0.2.15","192.168.56.52","6"
"41","Dec 31, 2009 18:00:38.308052000 CST","08:00:27:91:fd:44","52:54:00:12:35:02","10.0.2.15","192.168.56.52","6"
"42","Dec 31, 2009 18:00:38.308123000 CST","08:00:27:91:fd:44","52:54:00:12:35:02","10.0.2.15","192.168.56.50","6"
"43","Dec 31, 2009 18:00:38.308211000 CST","52:54:00:12:35:00","08:00:27:91:fd:44","192.168.56.52","10.0.2.15","6"
"44","Dec 31, 2009 18:00:38.308237000 CST","52:54:00:12:35:00","08:00:27:91:fd:44","192.168.56.50","10.0.2.15","6"
"45","Dec 31, 2009 18:00:38.309886000 CST","08:00:27:91:fd:44","52:54:00:12:35:02","10.0.2.15","192.168.56.50","6"
"46","Dec 31, 2009 18:00:38.310883000 CST","08:00:27:91:fd:44","52:54:00:12:35:02","10.0.2.15","192.168.56.50","6"
"47","Dec 31, 2009 18:00:38.312089000 CST","52:54:00:12:35:00","08:00:27:91:fd:44","192.168.56.52","10.0.2.15","6"
"48","Dec 31, 2009 18:00:38.312166000 CST","52:54:00:12:35:00","08:00:27:91:fd:44","192.168.56.50","10.0.2.15","6"
"49","Dec 31, 2009 18:00:38.313188000 CST","52:54:00:12:35:00","08:00:27:91:fd:44","192.168.56.50","10.0.2.15","6"
"50","Dec 31, 2009 18:00:38.313339000 CST","52:54:00:12:35:00","08:00:27:91:fd:44","192.168.56.50","10.0.2.15","6"
"51","Dec 31, 2009 18:00:38.314237000 CST","08:00:27:91:fd:44","52:54:00:12:35:02","10.0.2.15","192.168.56.50","6"
"52","Dec 31, 2009 18:00:38.314260000 CST","08:00:27:91:fd:44","52:54:00:12:35:02","10.0.2.15","192.168.56.50","6"
"53","Dec 31, 2009 18:00:38.428033000 CST","08:00:27:91:fd:44","52:54:00:12:35:02","10.0.2.15","192.168.56.50","6"
"54","Dec 31, 2009 18:00:38.428179000 CST","52:54:00:12:35:00","08:00:27:91:fd:44","192.168.56.50","10.0.2.15","6"
"55","Dec 31, 2009 18:00:38.429217000 CST","08:00:27:91:fd:44","52:54:00:12:35:02","10.0.2.15","192.168.56.50","6"
"56","Dec 31, 2009 18:00:38.429315000 CST","52:54:00:12:35:00","08:00:27:91:fd:44","192.168.56.50","10.0.2.15","6"
"57","Dec 31, 2009 18:00:38.432548000 CST","08:00:27:91:fd:44","52:54:00:12:35:02","10.0.2.15","192.168.56.52","6"
"58","Dec 31, 2009 18:00:38.432667000 CST","52:54:00:12:35:00","08:00:27:91:fd:44","192.168.56.52","10.0.2.15","6"
"59","Dec 31, 2009 18:00:38.432836000 CST","52:54:00:12:35:00","08:00:27:91:fd:44","192.168.56.50","10.0.2.15","6"
"60","Dec 31, 2009 18:00:38.432866000 CST","52:54:00:12:35:00","08:00:27:91:fd:44","192.168.56.50","10.0.2.15","6"
"61","Dec 31, 2009 18:00:38.494444000 CST","08:00:27:91:fd:44","52:54:00:12:35:02","10.0.2.15","192.168.56.50","6"
"62","Dec 31, 2009 18:00:38.510557000 CST","52:54:00:12:35:00","08:00:27:91:fd:44","192.168.56.52","10.0.2.15","6"
"63","Dec 31, 2009 18:00:38.511195000 CST","52:54:00:12:35:00","08:00:27:91:fd:44","192.168.56.52","10.0.2.15","6"
"64","Dec 31, 2009 18:00:38.511897000 CST","08:00:27:91:fd:44","52:54:00:12:35:02","10.0.2.15","192.168.56.52","6"
"65","Dec 31, 2009 18:00:38.589519000 CST","08:00:27:91:fd:44","52:54:00:12:35:02","10.0.2.15","192.168.56.50","6"
"66","Dec 31, 2009 18:00:38.590308000 CST","08:00:27:91:fd:44","52:54:00:12:35:02","10.0.2.15","192.168.56.50","6"
"67","Dec 31, 2009 18:00:38.632016000 CST","08:00:27:91:fd:44","52:54:00:12:35:02","10.0.2.15","192.168.56.50","6"
"68","Dec 31, 2009 18:00:38.632178000 CST","52:54:00:12:35:00","08:00:27:91:fd:44","192.168.56.50","10.0.2.15","6"
"69","Dec 31, 2009 18:00:38.634792000 CST","52:54:00:12:35:00","08:00:27:91:fd:44","192.168.56.50","10.0.2.15","6"
"70","Dec 31, 2009 18:00:38.790171000 CST","08:00:27:91:fd:44","52:54:00:12:35:02","10.0.2.15","192.168.56.50","6"
"71","Dec 31, 2009 18:00:38.864260000 CST","08:00:27:91:fd:44","ff:ff:ff:ff:ff:ff","10.0.2.15","10.0.2.255","17"
"72","Dec 31, 2009 18:00:38.865104000 CST","08:00:27:91:fd:44","ff:ff:ff:ff:ff:ff","10.0.2.15","10.0.2.255","17"
"73","Dec 31, 2009 18:00:39.611410000 CST","08:00:27:91:fd:44","ff:ff:ff:ff:ff:ff","10.0.2.15","10.0.2.255","17"
"74","Dec 31, 2009 18:00:39.612216000 CST","08:00:27:91:fd:44","ff:ff:ff:ff:ff:ff","10.0.2.15","10.0.2.255","17"
"75","Dec 31, 2009 18:00:40.371513000 CST","08:00:27:91:fd:44","ff:ff:ff:ff:ff:ff","10.0.2.15","10.0.2.255","17"
"76","Dec 31, 2009 18:00:40.371765000 CST","08:00:27:91:fd:44","ff:ff:ff:ff:ff:ff","10.0.2.15","10.0.2.255","17"
"77","Dec 31, 2009 18:00:41.115774000 CST","08:00:27:91:fd:44","ff:ff:ff:ff:ff:ff","10.0.2.15","10.0.2.255","17"
"78","Dec 31, 2009 18:00:41.117052000 CST","08:00:27:91:fd:44","ff:ff:ff:ff:ff:ff","10.0.2.15","10.0.2.255","17"
"79","Dec 31, 2009 18:00:42.616044000 CST","08:00:27:91:fd:44","ff:ff:ff:ff:ff:ff","10.0.2.15","10.0.2.255","17"
"80","Dec 31, 2009 18:00:44.118329000 CST","08:00:27:91:fd:44","ff:ff:ff:ff:ff:ff","10.0.2.15","10.0.2.255","17"
"81","Dec 31, 2009 18:00:45.276737000 CST","08:00:27:91:fd:44","52:54:00:12:35:02","10.0.2.15","192.168.56.50","6"
"82","Dec 31, 2009 18:00:45.276788000 CST","08:00:27:91:fd:44","52:54:00:12:35:02","10.0.2.15","192.168.56.50","6"
"83","Dec 31, 2009 18:00:45.276939000 CST","52:54:00:12:35:00","08:00:27:91:fd:44","192.168.56.50","10.0.2.15","6"
"84","Dec 31, 2009 18:00:45.276973000 CST","52:54:00:12:35:00","08:00:27:91:fd:44","192.168.56.50","10.0.2.15","6"
"85","Dec 31, 2009 18:00:45.278129000 CST","08:00:27:91:fd:44","52:54:00:12:35:02","10.0.2.15","192.168.56.50","6"
"86","Dec 31, 2009 18:00:45.278240000 CST","52:54:00:12:35:00","08:00:27:91:fd:44","192.168.56.50","10.0.2.15","6"
"87","Dec 31, 2009 18:00:45.278401000 CST","08:00:27:91:fd:44","52:54:00:12:35:02","10.0.2.15","192.168.56.52","6"
"88","Dec 31, 2009 18:00:45.278492000 CST","52:54:00:12:35:00","08:00:27:91:fd:44","192.168.56.52","10.0.2.15","6"
"89","Dec 31, 2009 18:00:45.279407000 CST","52:54:00:12:35:00","08:00:27:91:fd:44","192.168.56.50","10.0.2.15","6"
"90","Dec 31, 2009 18:00:45.280098000 CST","52:54:00:12:35:00","08:00:27:91:fd:44","192.168.56.50","10.0.2.15","6"
"91","Dec 31, 2009 18:00:45.280783000 CST","52:54:00:12:35:00","08:00:27:91:fd:44","192.168.56.50","10.0.2.15","6"
"92","Dec 31, 2009 18:00:45.281159000 CST","08:00:27:91:fd:44","52:54:00:12:35:02","10.0.2.15","192.168.56.50","6"
"93","Dec 31, 2009 18:00:45.281458000 CST","08:00:27:91:fd:44","52:54:00:12:35:02","10.0.2.15","192.168.56.50","6"
"94","Dec 31, 2009 18:00:45.281648000 CST","08:00:27:91:fd:44","52:54:00:12:35:02","10.0.2.15","192.168.56.50","6"
"95","Dec 31, 2009 18:00:45.283560000 CST","52:54:00:12:35:00","08:00:27:91:fd:44","192.168.56.52","10.0.2.15","6"
"96","Dec 31, 2009 18:00:45.284422000 CST","08:00:27:91:fd:44","52:54:00:12:35:02","10.0.2.15","192.168.56.52","6"
"97","Dec 31, 2009 18:00:45.626714000 CST","08:00:27:91:fd:44","ff:ff:ff:ff:ff:ff","10.0.2.15","10.0.2.255","17"
"98","Dec 31, 2009 18:00:47.129121000 CST","08:00:27:91:fd:44","ff:ff:ff:ff:ff:ff","10.0.2.15","10.0.2.255","17"
"99","Dec 31, 2009 18:00:48.132623000 CST","08:00:27:91:fd:44","ff:ff:ff:ff:ff:ff","10.0.2.15","10.0.2.255","17"
"100","Dec 31, 2009 18:00:49.132287000 CST","08:00:27:91:fd:44","ff:ff:ff:ff:ff:ff","10.0.2.15","10.0.2.255","17"
"101","Dec 31, 2009 18:00:50.133872000 CST","08:00:27:91:fd:44","ff:ff:ff:ff:ff:ff","10.0.2.15","10.0.2.255","17"
"102","Dec 31, 2009 18:00:59.628450000 CST","08:00:27:ba:0b:03","ff:ff:ff:ff:ff:ff","0.0.0.0","255.255.255.255","17"
"103","Dec 31, 2009 18:00:59.628703000 CST","52:54:00:12:35:00","08:00:27:ba:0b:03","10.0.3.2","10.0.3.15","17"
"104","Dec 31, 2009 18:00:59.631099000 CST","08:00:27:ba:0b:03","ff:ff:ff:ff:ff:ff","0.0.0.0","255.255.255.255","17"
"105","Dec 31, 2009 18:00:59.631215000 CST","52:54:00:12:35:00","08:00:27:ba:0b:03","10.0.3.2","10.0.3.15","17"
"106","Dec 31, 2009 18:00:59.637850000 CST","08:00:27:ba:0b:03","ff:ff:ff:ff:ff:ff",,,
"107","Dec 31, 2009 18:01:00.156556000 CST","08:00:27:ba:0b:03","ff:ff:ff:ff:ff:ff",,,
"108","Dec 31, 2009 18:01:01.160282000 CST","08:00:27:ba:0b:03","ff:ff:ff:ff:ff:ff",,,
"109","Dec 31, 2009 18:01:02.250847000 CST","08:00:27:ba:0b:03","ff:ff:ff:ff:ff:ff","10.0.3.15","10.0.3.255","17"
"110","Dec 31, 2009 18:01:02.296345000 CST","08:00:27:ba:0b:03","01:00:5e:00:00:16","10.0.3.15","224.0.0.22","2"
"111","Dec 31, 2009 18:01:02.296468000 CST","52:54:00:12:35:00","08:00:27:ba:0b:03","10.0.3.2","10.0.3.15","1"
"112","Dec 31, 2009 18:01:02.993280000 CST","08:00:27:ba:0b:03","ff:ff:ff:ff:ff:ff","10.0.3.15","10.0.3.255","17"
"113","Dec 31, 2009 18:01:03.171546000 CST","08:00:27:ba:0b:03","01:00:5e:00:00:16","10.0.3.15","224.0.0.22","2"
"114","Dec 31, 2009 18:01:03.171632000 CST","52:54:00:12:35:00","08:00:27:ba:0b:03","10.0.3.2","10.0.3.15","1"
"115","Dec 31, 2009 18:01:03.744610000 CST","08:00:27:ba:0b:03","ff:ff:ff:ff:ff:ff","10.0.3.15","10.0.3.255","17"
"116","Dec 31, 2009 18:01:04.494215000 CST","08:00:27:ba:0b:03","ff:ff:ff:ff:ff:ff","10.0.3.15","10.0.3.255","17"
"117","Dec 31, 2009 18:01:05.245210000 CST","08:00:27:ba:0b:03","ff:ff:ff:ff:ff:ff","10.0.3.15","10.0.3.255","17"
"118","Dec 31, 2009 18:01:05.996344000 CST","08:00:27:ba:0b:03","ff:ff:ff:ff:ff:ff","10.0.3.15","10.0.3.255","17"
"119","Dec 31, 2009 18:01:06.747312000 CST","08:00:27:ba:0b:03","ff:ff:ff:ff:ff:ff","10.0.3.15","10.0.3.255","17"
"120","Dec 31, 2009 18:01:07.501803000 CST","08:00:27:ba:0b:03","ff:ff:ff:ff:ff:ff","10.0.3.15","10.0.3.255","17"
"121","Dec 31, 2009 18:01:08.250431000 CST","08:00:27:ba:0b:03","ff:ff:ff:ff:ff:ff","10.0.3.15","10.0.3.255","17"
"122","Dec 31, 2009 18:01:08.251872000 CST","08:00:27:ba:0b:03","ff:ff:ff:ff:ff:ff","10.0.3.15","10.0.3.255","17"
"123","Dec 31, 2009 18:01:08.541150000 CST","08:00:27:ba:0b:03","ff:ff:ff:ff:ff:ff",,,
"124","Dec 31, 2009 18:01:08.541698000 CST","52:54:00:12:35:00","08:00:27:ba:0b:03",,,
"125","Dec 31, 2009 18:01:08.542524000 CST","08:00:27:ba:0b:03","52:54:00:12:35:02","10.0.3.15","192.168.56.50","6"
"126","Dec 31, 2009 18:01:08.544497000 CST","52:54:00:12:35:00","08:00:27:ba:0b:03","192.168.56.50","10.0.3.15","6"
"127","Dec 31, 2009 18:01:08.551621000 CST","08:00:27:ba:0b:03","52:54:00:12:35:02","10.0.3.15","192.168.56.50","6"
"128","Dec 31, 2009 18:01:08.555061000 CST","08:00:27:ba:0b:03","52:54:00:12:35:02","10.0.3.15","192.168.56.50","6"
"129","Dec 31, 2009 18:01:08.555219000 CST","52:54:00:12:35:00","08:00:27:ba:0b:03","192.168.56.50","10.0.3.15","6"
"130","Dec 31, 2009 18:01:08.558964000 CST","52:54:00:12:35:00","08:00:27:ba:0b:03","192.168.56.50","10.0.3.15","6"
"131","Dec 31, 2009 18:01:08.559015000 CST","52:54:00:12:35:00","08:00:27:ba:0b:03","192.168.56.50","10.0.3.15","6"
"132","Dec 31, 2009 18:01:08.560731000 CST","08:00:27:ba:0b:03","52:54:00:12:35:02","10.0.3.15","192.168.56.50","6"
"133","Dec 31, 2009 18:01:08.623017000 CST","08:00:27:ba:0b:03","52:54:00:12:35:02","10.0.3.15","192.168.56.50","6"
"134","Dec 31, 2009 18:01:08.626634000 CST","52:54:00:12:35:00","08:00:27:ba:0b:03","192.168.56.50","10.0.3.15","6"
"135","Dec 31, 2009 18:01:08.633385000 CST","52:54:00:12:35:00","08:00:27:ba:0b:03","192.168.56.50","10.0.3.15","6"
"136","Dec 31, 2009 18:01:08.633470000 CST","52:54:00:12:35:00","08:00:27:ba:0b:03","192.168.56.50","10.0.3.15","6"
"137","Dec 31, 2009 18:01:08.633504000 CST","52:54:00:12:35:00","08:00:27:ba:0b:03","192.168.56.50","10.0.3.15","6"
"138","Dec 31, 2009 18:01:08.643936000 CST","08:00:27:ba:0b:03","52:54:00:12:35:02","10.0.3.15","192.168.56.50","6"
"139","Dec 31, 2009 18:01:08.643969000 CST","08:00:27:ba:0b:03","52:54:00:12:35:02","10.0.3.15","192.168.56.50","6"
"140","Dec 31, 2009 18:01:08.645669000 CST","52:54:00:12:35:00","08:00:27:ba:0b:03","192.168.56.50","10.0.3.15","6"
"141","Dec 31, 2009 18:01:08.760202000 CST","08:00:27:ba:0b:03","52:54:00:12:35:02","10.0.3.15","192.168.56.50","6"
"142","Dec 31, 2009 18:01:08.777560000 CST","08:00:27:ba:0b:03","52:54:00:12:35:02","10.0.3.15","192.168.56.52","6"
"143","Dec 31, 2009 18:01:08.784033000 CST","52:54:00:12:35:00","08:00:27:ba:0b:03","192.168.56.52","10.0.3.15","6"
"144","Dec 31, 2009 18:01:08.784074000 CST","08:00:27:ba:0b:03","52:54:00:12:35:02","10.0.3.15","192.168.56.50","6"
"145","Dec 31, 2009 18:01:08.784230000 CST","52:54:00:12:35:00","08:00:27:ba:0b:03","192.168.56.50","10.0.3.15","6"
"146","Dec 31, 2009 18:01:08.787062000 CST","08:00:27:ba:0b:03","52:54:00:12:35:02","10.0.3.15","192.168.56.52","6"
"147","Dec 31, 2009 18:01:08.787534000 CST","52:54:00:12:35:00","08:00:27:ba:0b:03","192.168.56.50","10.0.3.15","6"
"148","Dec 31, 2009 18:01:08.821732000 CST","08:00:27:ba:0b:03","52:54:00:12:35:02","10.0.3.15","192.168.56.50","6"
"149","Dec 31, 2009 18:01:08.821884000 CST","52:54:00:12:35:00","08:00:27:ba:0b:03","192.168.56.50","10.0.3.15","6"
"150","Dec 31, 2009 18:01:08.823243000 CST","08:00:27:ba:0b:03","52:54:00:12:35:02","10.0.3.15","192.168.56.52","6"
"151","Dec 31, 2009 18:01:08.823342000 CST","52:54:00:12:35:00","08:00:27:ba:0b:03","192.168.56.52","10.0.3.15","6"
"152","Dec 31, 2009 18:01:08.825936000 CST","52:54:00:12:35:00","08:00:27:ba:0b:03","192.168.56.52","10.0.3.15","6"
"153","Dec 31, 2009 18:01:08.827476000 CST","08:00:27:ba:0b:03","52:54:00:12:35:02","10.0.3.15","192.168.56.50","6"
"154","Dec 31, 2009 18:01:08.828421000 CST","52:54:00:12:35:00","08:00:27:ba:0b:03","192.168.56.50","10.0.3.15","6"
"155","Dec 31, 2009 18:01:08.828901000 CST","08:00:27:ba:0b:03","52:54:00:12:35:02","10.0.3.15","192.168.56.50","6"
"156","Dec 31, 2009 18:01:08.829520000 CST","52:54:00:12:35:00","08:00:27:ba:0b:03","192.168.56.50","10.0.3.15","6"
"157","Dec 31, 2009 18:01:08.942836000 CST","08:00:27:ba:0b:03","52:54:00:12:35:02","10.0.3.15","192.168.56.52","6"
"158","Dec 31, 2009 18:01:08.944263000 CST","08:00:27:ba:0b:03","52:54:00:12:35:02","10.0.3.15","192.168.56.50","6"
"159","Dec 31, 2009 18:01:08.944421000 CST","52:54:00:12:35:00","08:00:27:ba:0b:03","192.168.56.52","10.0.3.15","6"
"160","Dec 31, 2009 18:01:08.944447000 CST","52:54:00:12:35:00","08:00:27:ba:0b:03","192.168.56.50","10.0.3.15","6"
"161","Dec 31, 2009 18:01:08.945599000 CST","08:00:27:ba:0b:03","52:54:00:12:35:02","10.0.3.15","192.168.56.50","6"
"162","Dec 31, 2009 18:01:08.945701000 CST","52:54:00:12:35:00","08:00:27:ba:0b:03","192.168.56.50","10.0.3.15","6"
"163","Dec 31, 2009 18:01:08.953902000 CST","52:54:00:12:35:00","08:00:27:ba:0b:03","192.168.56.50","10.0.3.15","6"
"164","Dec 31, 2009 18:01:08.961472000 CST","52:54:00:12:35:00","08:00:27:ba:0b:03","192.168.56.50","10.0.3.15","6"
"165","Dec 31, 2009 18:01:09.000521000 CST","08:00:27:ba:0b:03","ff:ff:ff:ff:ff:ff","10.0.3.15","10.0.3.255","17"
"166","Dec 31, 2009 18:01:09.001438000 CST","08:00:27:ba:0b:03","ff:ff:ff:ff:ff:ff","10.0.3.15","10.0.3.255","17"
"167","Dec 31, 2009 18:01:09.068693000 CST","08:00:27:ba:0b:03","52:54:00:12:35:02","10.0.3.15","192.168.56.50","6"
"168","Dec 31, 2009 18:01:09.080441000 CST","08:00:27:ba:0b:03","52:54:00:12:35:02","10.0.3.15","192.168.56.50","6"
"169","Dec 31, 2009 18:01:09.357142000 CST","52:54:00:12:35:00","08:00:27:ba:0b:03","192.168.56.52","10.0.3.15","6"
"170","Dec 31, 2009 18:01:09.357210000 CST","52:54:00:12:35:00","08:00:27:ba:0b:03","192.168.56.52","10.0.3.15","6"
"171","Dec 31, 2009 18:01:09.357273000 CST","52:54:00:12:35:00","08:00:27:ba:0b:03","192.168.56.52","10.0.3.15","6"
"172","Dec 31, 2009 18:01:09.360455000 CST","08:00:27:ba:0b:03","52:54:00:12:35:02","10.0.3.15","192.168.56.52","6"
"173","Dec 31, 2009 18:01:09.360708000 CST","08:00:27:ba:0b:03","52:54:00:12:35:02","10.0.3.15","192.168.56.52","6"
"174","Dec 31, 2009 18:01:09.365334000 CST","52:54:00:12:35:00","08:00:27:ba:0b:03","192.168.56.52","10.0.3.15","6"
"175","Dec 31, 2009 18:01:09.465200000 CST","08:00:27:ba:0b:03","52:54:00:12:35:02","10.0.3.15","192.168.56.52","6"
"176","Dec 31, 2009 18:01:09.758767000 CST","08:00:27:ba:0b:03","ff:ff:ff:ff:ff:ff","10.0.3.15","10.0.3.255","17"
"177","Dec 31, 2009 18:01:09.759883000 CST","08:00:27:ba:0b:03","ff:ff:ff:ff:ff:ff","10.0.3.15","10.0.3.255","17"
"178","Dec 31, 2009 18:01:10.058644000 CST","08:00:27:ba:0b:03","52:54:00:12:35:02","10.0.3.15","192.168.56.52","6"
"179","Dec 31, 2009 18:01:10.058812000 CST","52:54:00:12:35:00","08:00:27:ba:0b:03","192.168.56.52","10.0.3.15","6"
"180","Dec 31, 2009 18:01:10.064532000 CST","52:54:00:12:35:00","08:00:27:ba:0b:03","192.168.56.52","10.0.3.15","6"
"181","Dec 31, 2009 18:01:10.065359000 CST","52:54:00:12:35:00","08:00:27:ba:0b:03","192.168.56.52","10.0.3.15","6"
"182","Dec 31, 2009 18:01:10.066048000 CST","52:54:00:12:35:00","08:00:27:ba:0b:03","192.168.56.52","10.0.3.15","6"
"183","Dec 31, 2009 18:01:10.067930000 CST","52:54:00:12:35:00","08:00:27:ba:0b:03","192.168.56.52","10.0.3.15","6"
"184","Dec 31, 2009 18:01:10.068491000 CST","52:54:00:12:35:00","08:00:27:ba:0b:03","192.168.56.52","10.0.3.15","6"
"185","Dec 31, 2009 18:01:10.068693000 CST","52:54:00:12:35:00","08:00:27:ba:0b:03","192.168.56.52","10.0.3.15","6"
"186","Dec 31, 2009 18:01:10.074890000 CST","08:00:27:ba:0b:03","52:54:00:12:35:02","10.0.3.15","192.168.56.52","6"
"187","Dec 31, 2009 18:01:10.075016000 CST","52:54:00:12:35:00","08:00:27:ba:0b:03","192.168.56.52","10.0.3.15","6"
"188","Dec 31, 2009 18:01:10.075050000 CST","52:54:00:12:35:00","08:00:27:ba:0b:03","192.168.56.52","10.0.3.15","6"
"189","Dec 31, 2009 18:01:10.075100000 CST","52:54:00:12:35:00","08:00:27:ba:0b:03","192.168.56.52","10.0.3.15","6"
"190","Dec 31, 2009 18:01:10.075454000 CST","08:00:27:ba:0b:03","52:54:00:12:35:02","10.0.3.15","192.168.56.52","6"
"191","Dec 31, 2009 18:01:10.075680000 CST","08:00:27:ba:0b:03","52:54:00:12:35:02","10.0.3.15","192.168.56.52","6"
"192","Dec 31, 2009 18:01:10.077055000 CST","08:00:27:ba:0b:03","52:54:00:12:35:02","10.0.3.15","192.168.56.52","6"
"193","Dec 31, 2009 18:01:10.078014000 CST","08:00:27:ba:0b:03","52:54:00:12:35:02","10.0.3.15","192.168.56.52","6"
"194","Dec 31, 2009 18:01:10.158792000 CST","08:00:27:ba:0b:03","52:54:00:12:35:02","10.0.3.15","192.168.56.52","6"
"195","Dec 31, 2009 18:01:10.158994000 CST","52:54:00:12:35:00","08:00:27:ba:0b:03","192.168.56.52","10.0.3.15","6"
"196","Dec 31, 2009 18:01:10.164182000 CST","52:54:00:12:35:00","08:00:27:ba:0b:03","192.168.56.52","10.0.3.15","6"
"197","Dec 31, 2009 18:01:10.164793000 CST","52:54:00:12:35:00","08:00:27:ba:0b:03","192.168.56.52","10.0.3.15","6"
"198","Dec 31, 2009 18:01:10.164960000 CST","52:54:00:12:35:00","08:00:27:ba:0b:03","192.168.56.52","10.0.3.15","6"
"199","Dec 31, 2009 18:01:10.165041000 CST","52:54:00:12:35:00","08:00:27:ba:0b:03","192.168.56.52","10.0.3.15","6"
"200","Dec 31, 2009 18:01:10.167417000 CST","52:54:00:12:35:00","08:00:27:ba:0b:03","192.168.56.52","10.0.3.15","6"
"201","Dec 31, 2009 18:01:10.168199000 CST","08:00:27:ba:0b:03","52:54:00:12:35:02","10.0.3.15","192.168.56.52","6"
"202","Dec 31, 2009 18:01:10.168302000 CST","52:54:00:12:35:00","08:00:27:ba:0b:03","192.168.56.52","10.0.3.15","6"
"203","Dec 31, 2009 18:01:10.168335000 CST","52:54:00:12:35:00","08:00:27:ba:0b:03","192.168.56.52","10.0.3.15","6"
"204","Dec 31, 2009 18:01:10.168379000 CST","52:54:00:12:35:00","08:00:27:ba:0b:03","192.168.56.52","10.0.3.15","6"
"205","Dec 31, 2009 18:01:10.169758000 CST","52:54:00:12:35:00","08:00:27:ba:0b:03","192.168.56.52","10.0.3.15","6"
"206","Dec 31, 2009 18:01:10.169788000 CST","08:00:27:ba:0b:03","52:54:00:12:35:02","10.0.3.15","192.168.56.52","6"
"207","Dec 31, 2009 18:01:10.170846000 CST","08:00:27:ba:0b:03","52:54:00:12:35:02","10.0.3.15","192.168.56.52","6"
"208","Dec 31, 2009 18:01:10.171007000 CST","08:00:27:ba:0b:03","52:54:00:12:35:02","10.0.3.15","192.168.56.52","6"
"209","Dec 31, 2009 18:01:10.174625000 CST","08:00:27:ba:0b:03","52:54:00:12:35:02","10.0.3.15","192.168.56.52","6"
"210","Dec 31, 2009 18:01:10.503582000 CST","08:00:27:ba:0b:03","ff:ff:ff:ff:ff:ff","10.0.3.15","10.0.3.255","17"
"211","Dec 31, 2009 18:01:10.505167000 CST","08:00:27:ba:0b:03","ff:ff:ff:ff:ff:ff","10.0.3.15","10.0.3.255","17"
"212","Dec 31, 2009 18:01:11.296246000 CST","08:00:27:ba:0b:03","ff:ff:ff:ff:ff:ff","10.0.3.15","10.0.3.255","17"
"213","Dec 31, 2009 18:01:11.344720000 CST","08:00:27:ba:0b:03","ff:ff:ff:ff:ff:ff","10.0.3.15","10.0.3.255","17"
"214","Dec 31, 2009 18:01:12.054145000 CST","08:00:27:ba:0b:03","52:54:00:12:35:02","10.0.3.15","192.168.1.1","17"
"215","Dec 31, 2009 18:01:12.797178000 CST","08:00:27:ba:0b:03","ff:ff:ff:ff:ff:ff","10.0.3.15","10.0.3.255","17"
"216","Dec 31, 2009 18:01:13.046575000 CST","08:00:27:ba:0b:03","52:54:00:12:35:02","10.0.3.15","192.168.1.1","17"
"217","Dec 31, 2009 18:01:13.349170000 CST","52:54:00:12:35:00","08:00:27:ba:0b:03","192.168.1.1","10.0.3.15","17"
"218","Dec 31, 2009 18:01:13.354854000 CST","08:00:27:ba:0b:03","52:54:00:12:35:02","10.0.3.15","64.236.114.1","6"
"219","Dec 31, 2009 18:01:13.505113000 CST","52:54:00:12:35:00","08:00:27:ba:0b:03","64.236.114.1","10.0.3.15","6"
"220","Dec 31, 2009 18:01:13.506021000 CST","08:00:27:ba:0b:03","52:54:00:12:35:02","10.0.3.15","64.236.114.1","6"
"221","Dec 31, 2009 18:01:13.507289000 CST","08:00:27:ba:0b:03","52:54:00:12:35:02","10.0.3.15","64.236.114.1","6"
"222","Dec 31, 2009 18:01:13.507420000 CST","52:54:00:12:35:00","08:00:27:ba:0b:03","64.236.114.1","10.0.3.15","6"
"223","Dec 31, 2009 18:01:13.840884000 CST","52:54:00:12:35:00","08:00:27:ba:0b:03","64.236.114.1","10.0.3.15","6"
"224","Dec 31, 2009 18:01:13.845026000 CST","52:54:00:12:35:00","08:00:27:ba:0b:03","64.236.114.1","10.0.3.15","6"
"225","Dec 31, 2009 18:01:13.845995000 CST","08:00:27:ba:0b:03","52:54:00:12:35:02","10.0.3.15","64.236.114.1","6"
"226","Dec 31, 2009 18:01:13.995557000 CST","52:54:00:12:35:00","08:00:27:ba:0b:03","64.236.114.1","10.0.3.15","6"
"227","Dec 31, 2009 18:01:14.005213000 CST","52:54:00:12:35:00","08:00:27:ba:0b:03","64.236.114.1","10.0.3.15","6"
"228","Dec 31, 2009 18:01:14.006473000 CST","08:00:27:ba:0b:03","52:54:00:12:35:02","10.0.3.15","64.236.114.1","6"
"229","Dec 31, 2009 18:01:14.032851000 CST","52:54:00:12:35:00","08:00:27:ba:0b:03","64.236.114.1","10.0.3.15","6"
"230","Dec 31, 2009 18:01:14.155008000 CST","52:54:00:12:35:00","08:00:27:ba:0b:03","64.236.114.1","10.0.3.15","6"
"231","Dec 31, 2009 18:01:14.156098000 CST","08:00:27:ba:0b:03","52:54:00:12:35:02","10.0.3.15","64.236.114.1","6"
"232","Dec 31, 2009 18:01:14.166627000 CST","52:54:00:12:35:00","08:00:27:ba:0b:03","64.236.114.1","10.0.3.15","6"
"233","Dec 31, 2009 18:01:14.181470000 CST","52:54:00:12:35:00","08:00:27:ba:0b:03","64.236.114.1","10.0.3.15","6"
"234","Dec 31, 2009 18:01:14.182541000 CST","08:00:27:ba:0b:03","52:54:00:12:35:02","10.0.3.15","64.236.114.1","6"
"235","Dec 31, 2009 18:01:14.257630000 CST","52:54:00:12:35:00","08:00:27:ba:0b:03","64.236.114.1","10.0.3.15","6"
"236","Dec 31, 2009 18:01:14.265093000 CST","52:54:00:12:35:00","08:00:27:ba:0b:03","64.236.114.1","10.0.3.15","6"
"237","Dec 31, 2009 18:01:14.266108000 CST","08:00:27:ba:0b:03","52:54:00:12:35:02","10.0.3.15","64.236.114.1","6"
"238","Dec 31, 2009 18:01:14.299509000 CST","08:00:27:ba:0b:03","ff:ff:ff:ff:ff:ff","10.0.3.15","10.0.3.255","17"
"239","Dec 31, 2009 18:01:14.317579000 CST","52:54:00:12:35:00","08:00:27:ba:0b:03","64.236.114.1","10.0.3.15","6"
"240","Dec 31, 2009 18:01:14.322486000 CST","52:54:00:12:35:00","08:00:27:ba:0b:03","64.236.114.1","10.0.3.15","6"
"241","Dec 31, 2009 18:01:14.323915000 CST","08:00:27:ba:0b:03","52:54:00:12:35:02","10.0.3.15","64.236.114.1","6"
"242","Dec 31, 2009 18:01:14.334747000 CST","52:54:00:12:35:00","08:00:27:ba:0b:03","64.236.114.1","10.0.3.15","6"
"243","Dec 31, 2009 18:01:14.409243000 CST","52:54:00:12:35:00","08:00:27:ba:0b:03","64.236.114.1","10.0.3.15","6"
"244","Dec 31, 2009 18:01:14.410547000 CST","08:00:27:ba:0b:03","52:54:00:12:35:02","10.0.3.15","64.236.114.1","6"
"245","Dec 31, 2009 18:01:14.414222000 CST","52:54:00:12:35:00","08:00:27:ba:0b:03","64.236.114.1","10.0.3.15","6"
"246","Dec 31, 2009 18:01:14.425954000 CST","52:54:00:12:35:00","08:00:27:ba:0b:03","64.236.114.1","10.0.3.15","6"
"247","Dec 31, 2009 18:01:14.427308000 CST","08:00:27:ba:0b:03","52:54:00:12:35:02","10.0.3.15","64.236.114.1","6"
"248","Dec 31, 2009 18:01:14.433797000 CST","08:00:27:ba:0b:03","52:54:00:12:35:02","10.0.3.15","64.236.114.1","6"
"249","Dec 31, 2009 18:01:14.457013000 CST","52:54:00:12:35:00","08:00:27:ba:0b:03","64.236.114.1","10.0.3.15","6"
"250","Dec 31, 2009 18:01:14.465699000 CST","52:54:00:12:35:00","08:00:27:ba:0b:03","64.236.114.1","10.0.3.15","6"
"251","Dec 31, 2009 18:01:14.467318000 CST","08:00:27:ba:0b:03","52:54:00:12:35:02","10.0.3.15","64.236.114.1","6"
"252","Dec 31, 2009 18:01:14.485604000 CST","52:54:00:12:35:00","08:00:27:ba:0b:03","64.236.114.1","10.0.3.15","6"
"253","Dec 31, 2009 18:01:14.490836000 CST","52:54:00:12:35:00","08:00:27:ba:0b:03","64.236.114.1","10.0.3.15","6"
"254","Dec 31, 2009 18:01:14.490891000 CST","52:54:00:12:35:00","08:00:27:ba:0b:03","64.236.114.1","10.0.3.15","6"
"255","Dec 31, 2009 18:01:14.491997000 CST","08:00:27:ba:0b:03","52:54:00:12:35:02","10.0.3.15","64.236.114.1","6"
"256","Dec 31, 2009 18:01:14.492027000 CST","08:00:27:ba:0b:03","52:54:00:12:35:02","10.0.3.15","64.236.114.1","6"
"257","Dec 31, 2009 18:01:14.501951000 CST","08:00:27:ba:0b:03","52:54:00:12:35:02","10.0.3.15","64.236.114.1","6"
"258","Dec 31, 2009 18:01:14.502128000 CST","52:54:00:12:35:00","08:00:27:ba:0b:03","64.236.114.1","10.0.3.15","6"
"259","Dec 31, 2009 18:01:14.750802000 CST","08:00:27:ba:0b:03","52:54:00:12:35:02","10.0.3.15","192.168.1.1","17"
"260","Dec 31, 2009 18:01:14.914514000 CST","52:54:00:12:35:00","08:00:27:ba:0b:03","192.168.1.1","10.0.3.15","17"
"261","Dec 31, 2009 18:01:14.924835000 CST","08:00:27:ba:0b:03","52:54:00:12:35:02","10.0.3.15","74.125.77.101","6"
"262","Dec 31, 2009 18:01:14.998263000 CST","52:54:00:12:35:00","08:00:27:ba:0b:03","74.125.77.101","10.0.3.15","6"
"263","Dec 31, 2009 18:01:14.999610000 CST","08:00:27:ba:0b:03","52:54:00:12:35:02","10.0.3.15","74.125.77.101","6"
"264","Dec 31, 2009 18:01:15.002335000 CST","08:00:27:ba:0b:03","52:54:00:12:35:02","10.0.3.15","74.125.77.101","6"
"265","Dec 31, 2009 18:01:15.002585000 CST","52:54:00:12:35:00","08:00:27:ba:0b:03","74.125.77.101","10.0.3.15","6"
"266","Dec 31, 2009 18:01:15.084238000 CST","52:54:00:12:35:00","08:00:27:ba:0b:03","74.125.77.101","10.0.3.15","6"
"267","Dec 31, 2009 18:01:15.084286000 CST","52:54:00:12:35:00","08:00:27:ba:0b:03","74.125.77.101","10.0.3.15","6"
"268","Dec 31, 2009 18:01:15.085336000 CST","08:00:27:ba:0b:03","52:54:00:12:35:02","10.0.3.15","74.125.77.101","6"
"269","Dec 31, 2009 18:01:15.808864000 CST","08:00:27:ba:0b:03","ff:ff:ff:ff:ff:ff","10.0.3.15","10.0.3.255","17"
"270","Dec 31, 2009 18:01:17.308215000 CST","08:00:27:ba:0b:03","ff:ff:ff:ff:ff:ff","10.0.3.15","10.0.3.255","17"
"271","Dec 31, 2009 18:01:18.313144000 CST","08:00:27:ba:0b:03","ff:ff:ff:ff:ff:ff","10.0.3.15","10.0.3.255","17"
"272","Dec 31, 2009 18:01:18.977192000 CST","08:00:27:ba:0b:03","52:54:00:12:35:02","10.0.3.15","64.236.114.1","6"
"273","Dec 31, 2009 18:01:19.128237000 CST","52:54:00:12:35:00","08:00:27:ba:0b:03","64.236.114.1","10.0.3.15","6"
"274","Dec 31, 2009 18:01:19.331727000 CST","08:00:27:ba:0b:03","ff:ff:ff:ff:ff:ff","10.0.3.15","10.0.3.255","17"
"275","Dec 31, 2009 18:01:20.331893000 CST","08:00:27:ba:0b:03","ff:ff:ff:ff:ff:ff","10.0.3.15","10.0.3.255","17"
"276","Dec 31, 2009 18:01:21.335218000 CST","08:00:27:ba:0b:03","ff:ff:ff:ff:ff:ff","10.0.3.15","10.0.3.255","17"
"277","Dec 31, 2009 18:01:22.085389000 CST","08:00:27:ba:0b:03","ff:ff:ff:ff:ff:ff","10.0.3.15","10.0.3.255","17"
"278","Dec 31, 2009 18:01:22.837050000 CST","08:00:27:ba:0b:03","ff:ff:ff:ff:ff:ff","10.0.3.15","10.0.3.255","17"
"279","Dec 31, 2009 18:01:23.587509000 CST","08:00:27:ba:0b:03","ff:ff:ff:ff:ff:ff","10.0.3.15","10.0.3.255","17"
"280","Dec 31, 2009 18:01:23.957083000 CST","52:54:00:12:35:00","08:00:27:ba:0b:03","192.168.56.50","10.0.3.15","6"
"281","Dec 31, 2009 18:01:23.961247000 CST","08:00:27:ba:0b:03","52:54:00:12:35:02","10.0.3.15","192.168.56.50","6"
"282","Dec 31, 2009 18:01:23.969087000 CST","52:54:00:12:35:00","08:00:27:ba:0b:03","192.168.56.50","10.0.3.15","6"
"283","Dec 31, 2009 18:01:23.972288000 CST","08:00:27:ba:0b:03","52:54:00:12:35:02","10.0.3.15","192.168.56.50","6"
"284","Dec 31, 2009 18:01:24.340339000 CST","08:00:27:ba:0b:03","ff:ff:ff:ff:ff:ff","10.0.3.15","10.0.3.255","17"
"285","Dec 31, 2009 18:01:25.093731000 CST","08:00:27:ba:0b:03","ff:ff:ff:ff:ff:ff","10.0.3.15","10.0.3.255","17"
"286","Dec 31, 2009 18:01:25.181924000 CST","52:54:00:12:35:00","08:00:27:ba:0b:03","192.168.56.52","10.0.3.15","6"
"287","Dec 31, 2009 18:01:25.185622000 CST","08:00:27:ba:0b:03","52:54:00:12:35:02","10.0.3.15","192.168.56.52","6"
"288","Dec 31, 2009 18:01:25.202494000 CST","08:00:27:ba:0b:03","52:54:00:12:35:02","10.0.3.15","192.168.56.52","6"
"289","Dec 31, 2009 18:01:25.202558000 CST","08:00:27:ba:0b:03","52:54:00:12:35:02","10.0.3.15","192.168.56.50","6"
"290","Dec 31, 2009 18:01:25.202592000 CST","08:00:27:ba:0b:03","52:54:00:12:35:02","10.0.3.15","192.168.56.50","6"
"291","Dec 31, 2009 18:01:25.841401000 CST","08:00:27:ba:0b:03","ff:ff:ff:ff:ff:ff","10.0.3.15","10.0.3.255","17"
"292","Dec 31, 2009 18:01:26.097578000 CST","08:00:27:ba:0b:03","52:54:00:12:35:02","10.0.3.15","192.168.1.1","17"
"293","Dec 31, 2009 18:01:26.100045000 CST","52:54:00:12:35:00","08:00:27:ba:0b:03","192.168.1.1","10.0.3.15","17"
"294","Dec 31, 2009 18:01:26.109524000 CST","08:00:27:ba:0b:03","52:54:00:12:35:02","10.0.3.15","209.85.227.106","6"
"295","Dec 31, 2009 18:01:26.169952000 CST","52:54:00:12:35:00","08:00:27:ba:0b:03","209.85.227.106","10.0.3.15","6"
"296","Dec 31, 2009 18:01:26.171077000 CST","08:00:27:ba:0b:03","52:54:00:12:35:02","10.0.3.15","209.85.227.106","6"
"297","Dec 31, 2009 18:01:26.174467000 CST","08:00:27:ba:0b:03","52:54:00:12:35:02","10.0.3.15","209.85.227.106","6"
"298","Dec 31, 2009 18:01:26.175822000 CST","52:54:00:12:35:00","08:00:27:ba:0b:03","209.85.227.106","10.0.3.15","6"
"299","Dec 31, 2009 18:01:26.263878000 CST","52:54:00:12:35:00","08:00:27:ba:0b:03","209.85.227.106","10.0.3.15","6"
"300","Dec 31, 2009 18:01:26.266611000 CST","08:00:27:ba:0b:03","52:54:00:12:35:02","10.0.3.15","192.168.1.1","17"
"301","Dec 31, 2009 18:01:26.268625000 CST","52:54:00:12:35:00","08:00:27:ba:0b:03","192.168.1.1","10.0.3.15","17"
"302","Dec 31, 2009 18:01:26.270582000 CST","08:00:27:ba:0b:03","52:54:00:12:35:02","10.0.3.15","209.85.227.99","6"
"303","Dec 31, 2009 18:01:26.331790000 CST","52:54:00:12:35:00","08:00:27:ba:0b:03","209.85.227.99","10.0.3.15","6"
"304","Dec 31, 2009 18:01:26.332799000 CST","08:00:27:ba:0b:03","52:54:00:12:35:02","10.0.3.15","209.85.227.99","6"
"305","Dec 31, 2009 18:01:26.334691000 CST","08:00:27:ba:0b:03","52:54:00:12:35:02","10.0.3.15","209.85.227.99","6"
"306","Dec 31, 2009 18:01:26.334827000 CST","52:54:00:12:35:00","08:00:27:ba:0b:03","209.85.227.99","10.0.3.15","6"
"307","Dec 31, 2009 18:01:26.411557000 CST","08:00:27:ba:0b:03","52:54:00:12:35:02","10.0.3.15","209.85.227.106","6"
"308","Dec 31, 2009 18:01:26.419892000 CST","52:54:00:12:35:00","08:00:27:ba:0b:03","209.85.227.99","10.0.3.15","6"
"309","Dec 31, 2009 18:01:26.422984000 CST","52:54:00:12:35:00","08:00:27:ba:0b:03","209.85.227.99","10.0.3.15","6"
"310","Dec 31, 2009 18:01:26.424310000 CST","08:00:27:ba:0b:03","52:54:00:12:35:02","10.0.3.15","209.85.227.99","6"
"311","Dec 31, 2009 18:01:26.433757000 CST","52:54:00:12:35:00","08:00:27:ba:0b:03","209.85.227.99","10.0.3.15","6"
"312","Dec 31, 2009 18:01:26.444550000 CST","52:54:00:12:35:00","08:00:27:ba:0b:03","209.85.227.99","10.0.3.15","6"
"313","Dec 31, 2009 18:01:26.445736000 CST","08:00:27:ba:0b:03","52:54:00:12:35:02","10.0.3.15","209.85.227.99","6"
"314","Dec 31, 2009 18:01:26.483130000 CST","52:54:00:12:35:00","08:00:27:ba:0b:03","209.85.227.99","10.0.3.15","6"
"315","Dec 31, 2009 18:01:26.590887000 CST","08:00:27:ba:0b:03","ff:ff:ff:ff:ff:ff","10.0.3.15","10.0.3.255","17"
"316","Dec 31, 2009 18:01:26.611272000 CST","08:00:27:ba:0b:03","52:54:00:12:35:02","10.0.3.15","209.85.227.99","6"
"317","Dec 31, 2009 18:01:26.747158000 CST","08:00:27:ba:0b:03","52:54:00:12:35:02","10.0.3.15","192.168.1.1","17"
"318","Dec 31, 2009 18:01:26.827485000 CST","08:00:27:ba:0b:03","52:54:00:12:35:02","10.0.3.15","209.85.227.99","6"
"319","Dec 31, 2009 18:01:26.827699000 CST","52:54:00:12:35:00","08:00:27:ba:0b:03","64.236.114.1","10.0.3.15","6"
"320","Dec 31, 2009 18:01:26.827727000 CST","52:54:00:12:35:00","08:00:27:ba:0b:03","209.85.227.99","10.0.3.15","6"
"321","Dec 31, 2009 18:01:26.912943000 CST","52:54:00:12:35:00","08:00:27:ba:0b:03","192.168.1.1","10.0.3.15","17"
"322","Dec 31, 2009 18:01:26.916706000 CST","08:00:27:ba:0b:03","52:54:00:12:35:02","10.0.3.15","209.85.227.100","6"
"323","Dec 31, 2009 18:01:26.924067000 CST","52:54:00:12:35:00","08:00:27:ba:0b:03","209.85.227.99","10.0.3.15","6"
"324","Dec 31, 2009 18:01:26.978112000 CST","52:54:00:12:35:00","08:00:27:ba:0b:03","209.85.227.100","10.0.3.15","6"
"325","Dec 31, 2009 18:01:26.979081000 CST","08:00:27:ba:0b:03","52:54:00:12:35:02","10.0.3.15","209.85.227.100","6"
"326","Dec 31, 2009 18:01:26.986082000 CST","08:00:27:ba:0b:03","52:54:00:12:35:02","10.0.3.15","209.85.227.100","6"
"327","Dec 31, 2009 18:01:26.987462000 CST","52:54:00:12:35:00","08:00:27:ba:0b:03","209.85.227.100","10.0.3.15","6"
"328","Dec 31, 2009 18:01:27.052576000 CST","52:54:00:12:35:00","08:00:27:ba:0b:03","209.85.227.100","10.0.3.15","6"
"329","Dec 31, 2009 18:01:27.114269000 CST","08:00:27:ba:0b:03","52:54:00:12:35:02","10.0.3.15","209.85.227.99","6"
"330","Dec 31, 2009 18:01:27.232866000 CST","08:00:27:ba:0b:03","52:54:00:12:35:02","10.0.3.15","209.85.227.100","6"
"331","Dec 31, 2009 18:01:27.347336000 CST","08:00:27:ba:0b:03","ff:ff:ff:ff:ff:ff","10.0.3.15","10.0.3.255","17"
"332","Dec 31, 2009 18:01:27.350991000 CST","08:00:27:ba:0b:03","ff:ff:ff:ff:ff:ff","10.0.3.15","10.0.3.255","17"
"333","Dec 31, 2009 18:01:27.355587000 CST","08:00:27:ba:0b:03","ff:ff:ff:ff:ff:ff","10.0.3.15","10.0.3.255","17"
"334","Dec 31, 2009 18:01:28.145366000 CST","08:00:27:ba:0b:03","ff:ff:ff:ff:ff:ff","10.0.3.15","10.0.3.255","17"
"335","Dec 31, 2009 18:01:29.810089000 CST","08:00:27:ba:0b:03","52:54:00:12:35:02","10.0.3.15","192.168.56.50","6"
"336","Dec 31, 2009 18:01:29.815779000 CST","52:54:00:12:35:00","08:00:27:ba:0b:03","192.168.56.50","10.0.3.15","6"
"337","Dec 31, 2009 18:01:29.818736000 CST","08:00:27:ba:0b:03","52:54:00:12:35:02","10.0.3.15","192.168.56.50","6"
"338","Dec 31, 2009 18:01:29.824280000 CST","08:00:27:ba:0b:03","52:54:00:12:35:02","10.0.3.15","192.168.56.50","6"
"339","Dec 31, 2009 18:01:29.824748000 CST","52:54:00:12:35:00","08:00:27:ba:0b:03","192.168.56.50","10.0.3.15","6"
"340","Dec 31, 2009 18:01:29.914843000 CST","52:54:00:12:35:00","08:00:27:ba:0b:03","192.168.56.50","10.0.3.15","6"
"341","Dec 31, 2009 18:01:29.914905000 CST","52:54:00:12:35:00","08:00:27:ba:0b:03","192.168.56.50","10.0.3.15","6"
"342","Dec 31, 2009 18:01:29.915964000 CST","08:00:27:ba:0b:03","52:54:00:12:35:02","10.0.3.15","192.168.56.50","6"
"343","Dec 31, 2009 18:01:29.935335000 CST","08:00:27:ba:0b:03","52:54:00:12:35:02","10.0.3.15","192.168.56.50","6"
"344","Dec 31, 2009 18:01:29.935520000 CST","52:54:00:12:35:00","08:00:27:ba:0b:03","192.168.56.50","10.0.3.15","6"
"345","Dec 31, 2009 18:01:29.940294000 CST","52:54:00:12:35:00","08:00:27:ba:0b:03","192.168.56.50","10.0.3.15","6"
"346","Dec 31, 2009 18:01:30.002311000 CST","08:00:27:ba:0b:03","52:54:00:12:35:02","10.0.3.15","192.168.56.52","6"
"347","Dec 31, 2009 18:01:30.004648000 CST","52:54:00:12:35:00","08:00:27:ba:0b:03","192.168.56.52","10.0.3.15","6"
"348","Dec 31, 2009 18:01:30.005799000 CST","08:00:27:ba:0b:03","52:54:00:12:35:02","10.0.3.15","192.168.56.52","6"
"349","Dec 31, 2009 18:01:30.006587000 CST","08:00:27:ba:0b:03","52:54:00:12:35:02","10.0.3.15","192.168.56.50","6"
"350","Dec 31, 2009 18:01:30.006749000 CST","52:54:00:12:35:00","08:00:27:ba:0b:03","192.168.56.50","10.0.3.15","6"
"351","Dec 31, 2009 18:01:30.008356000 CST","08:00:27:ba:0b:03","52:54:00:12:35:02","10.0.3.15","192.168.56.52","6"
"352","Dec 31, 2009 18:01:30.009093000 CST","52:54:00:12:35:00","08:00:27:ba:0b:03","192.168.56.52","10.0.3.15","6"
"353","Dec 31, 2009 18:01:30.009308000 CST","52:54:00:12:35:00","08:00:27:ba:0b:03","192.168.56.50","10.0.3.15","6"
"354","Dec 31, 2009 18:01:30.029945000 CST","52:54:00:12:35:00","08:00:27:ba:0b:03","192.168.56.52","10.0.3.15","6"
"355","Dec 31, 2009 18:01:30.031896000 CST","08:00:27:ba:0b:03","52:54:00:12:35:02","10.0.3.15","192.168.56.50","6"
"356","Dec 31, 2009 18:01:30.032036000 CST","52:54:00:12:35:00","08:00:27:ba:0b:03","192.168.56.50","10.0.3.15","6"
"357","Dec 31, 2009 18:01:30.034248000 CST","52:54:00:12:35:00","08:00:27:ba:0b:03","192.168.56.50","10.0.3.15","6"
"358","Dec 31, 2009 18:01:30.077088000 CST","08:00:27:ba:0b:03","52:54:00:12:35:02","10.0.3.15","192.168.56.52","6"
"359","Dec 31, 2009 18:01:30.077271000 CST","52:54:00:12:35:00","08:00:27:ba:0b:03","192.168.56.52","10.0.3.15","6"
"360","Dec 31, 2009 18:01:30.078312000 CST","08:00:27:ba:0b:03","52:54:00:12:35:02","10.0.3.15","192.168.56.50","6"
"361","Dec 31, 2009 18:01:30.078421000 CST","52:54:00:12:35:00","08:00:27:ba:0b:03","192.168.56.50","10.0.3.15","6"
"362","Dec 31, 2009 18:01:30.098287000 CST","52:54:00:12:35:00","08:00:27:ba:0b:03","192.168.56.50","10.0.3.15","6"
"363","Dec 31, 2009 18:01:30.105837000 CST","08:00:27:ba:0b:03","52:54:00:12:35:02","10.0.3.15","192.168.56.50","6"
"364","Dec 31, 2009 18:01:30.105999000 CST","52:54:00:12:35:00","08:00:27:ba:0b:03","192.168.56.50","10.0.3.15","6"
"365","Dec 31, 2009 18:01:30.113891000 CST","52:54:00:12:35:00","08:00:27:ba:0b:03","192.168.56.50","10.0.3.15","6"
"366","Dec 31, 2009 18:01:30.128682000 CST","52:54:00:12:35:00","08:00:27:ba:0b:03","192.168.56.52","10.0.3.15","6"
"367","Dec 31, 2009 18:01:30.225169000 CST","08:00:27:ba:0b:03","52:54:00:12:35:02","10.0.3.15","192.168.56.50","6"
"368","Dec 31, 2009 18:01:30.319846000 CST","08:00:27:ba:0b:03","52:54:00:12:35:02","10.0.3.15","192.168.56.52","6"
"369","Dec 31, 2009 18:01:37.329509000 CST","08:00:27:ba:0b:03","52:54:00:12:35:02","10.0.3.15","74.125.77.101","6"
"370","Dec 31, 2009 18:01:37.330943000 CST","08:00:27:ba:0b:03","52:54:00:12:35:02","10.0.3.15","209.85.227.99","6"
"371","Dec 31, 2009 18:01:37.332619000 CST","08:00:27:ba:0b:03","52:54:00:12:35:02","10.0.3.15","209.85.227.106","6"
"372","Dec 31, 2009 18:01:37.337706000 CST","08:00:27:ba:0b:03","52:54:00:12:35:02","10.0.3.15","209.85.227.100","6"
"373","Dec 31, 2009 18:01:37.339907000 CST","08:00:27:ba:0b:03","52:54:00:12:35:02","10.0.3.15","192.168.56.50","6"
"374","Dec 31, 2009 18:01:37.350047000 CST","08:00:27:ba:0b:03","52:54:00:12:35:02","10.0.3.15","192.168.56.52","6"
"375","Dec 31, 2009 18:01:39.863268000 CST","52:54:00:12:35:00","08:00:27:ba:0b:03","64.236.114.1","10.0.3.15","6"
"376","Dec 31, 2009 18:01:54.745902000 CST","08:00:27:a1:5f:bf","ff:ff:ff:ff:ff:ff","0.0.0.0","255.255.255.255","17"
"377","Dec 31, 2009 18:01:54.760447000 CST","52:54:00:12:35:00","08:00:27:a1:5f:bf","10.0.4.2","10.0.4.15","17"
"378","Dec 31, 2009 18:01:54.762625000 CST","08:00:27:a1:5f:bf","ff:ff:ff:ff:ff:ff","0.0.0.0","255.255.255.255","17"
"379","Dec 31, 2009 18:01:54.762776000 CST","52:54:00:12:35:00","08:00:27:a1:5f:bf","10.0.4.2","10.0.4.15","17"
"380","Dec 31, 2009 18:01:54.788856000 CST","08:00:27:a1:5f:bf","ff:ff:ff:ff:ff:ff",,,
"381","Dec 31, 2009 18:01:55.453056000 CST","08:00:27:a1:5f:bf","ff:ff:ff:ff:ff:ff",,,
"382","Dec 31, 2009 18:01:56.455245000 CST","08:00:27:a1:5f:bf","ff:ff:ff:ff:ff:ff",,,
"383","Dec 31, 2009 18:01:57.540751000 CST","08:00:27:a1:5f:bf","ff:ff:ff:ff:ff:ff","10.0.4.15","10.0.4.255","17"
"384","Dec 31, 2009 18:01:57.613552000 CST","08:00:27:a1:5f:bf","01:00:5e:00:00:16","10.0.4.15","224.0.0.22","2"
"385","Dec 31, 2009 18:01:57.613552000 CST","52:54:00:12:35:00","08:00:27:a1:5f:bf","10.0.4.2","10.0.4.15","1"
"386","Dec 31, 2009 18:01:58.287029000 CST","08:00:27:a1:5f:bf","ff:ff:ff:ff:ff:ff","10.0.4.15","10.0.4.255","17"
"387","Dec 31, 2009 18:01:58.458610000 CST","08:00:27:a1:5f:bf","01:00:5e:00:00:16","10.0.4.15","224.0.0.22","2"
"388","Dec 31, 2009 18:01:58.458714000 CST","52:54:00:12:35:00","08:00:27:a1:5f:bf","10.0.4.2","10.0.4.15","1"
"389","Dec 31, 2009 18:01:59.057625000 CST","08:00:27:a1:5f:bf","ff:ff:ff:ff:ff:ff","10.0.4.15","10.0.4.255","17"
"390","Dec 31, 2009 18:01:59.793248000 CST","08:00:27:a1:5f:bf","ff:ff:ff:ff:ff:ff","10.0.4.15","10.0.4.255","17"
"391","Dec 31, 2009 18:02:00.547391000 CST","08:00:27:a1:5f:bf","ff:ff:ff:ff:ff:ff","10.0.4.15","10.0.4.255","17"
"392","Dec 31, 2009 18:02:01.295279000 CST","08:00:27:a1:5f:bf","ff:ff:ff:ff:ff:ff","10.0.4.15","10.0.4.255","17"
"393","Dec 31, 2009 18:02:02.063767000 CST","08:00:27:a1:5f:bf","ff:ff:ff:ff:ff:ff","10.0.4.15","10.0.4.255","17"
"394","Dec 31, 2009 18:02:02.794966000 CST","08:00:27:a1:5f:bf","ff:ff:ff:ff:ff:ff","10.0.4.15","10.0.4.255","17"
"395","Dec 31, 2009 18:02:03.547054000 CST","08:00:27:a1:5f:bf","ff:ff:ff:ff:ff:ff","10.0.4.15","10.0.4.255","17"
"396","Dec 31, 2009 18:02:03.549951000 CST","08:00:27:a1:5f:bf","ff:ff:ff:ff:ff:ff","10.0.4.15","10.0.4.255","17"
"397","Dec 31, 2009 18:02:04.298514000 CST","08:00:27:a1:5f:bf","ff:ff:ff:ff:ff:ff","10.0.4.15","10.0.4.255","17"
"398","Dec 31, 2009 18:02:04.298741000 CST","08:00:27:a1:5f:bf","ff:ff:ff:ff:ff:ff","10.0.4.15","10.0.4.255","17"
"399","Dec 31, 2009 18:02:05.049395000 CST","08:00:27:a1:5f:bf","ff:ff:ff:ff:ff:ff","10.0.4.15","10.0.4.255","17"
"400","Dec 31, 2009 18:02:05.054040000 CST","08:00:27:a1:5f:bf","ff:ff:ff:ff:ff:ff","10.0.4.15","10.0.4.255","17"
"401","Dec 31, 2009 18:02:05.802132000 CST","08:00:27:a1:5f:bf","ff:ff:ff:ff:ff:ff","10.0.4.15","10.0.4.255","17"
"402","Dec 31, 2009 18:02:05.802172000 CST","08:00:27:a1:5f:bf","ff:ff:ff:ff:ff:ff","10.0.4.15","10.0.4.255","17"
"403","Dec 31, 2009 18:02:06.513077000 CST","08:00:27:a1:5f:bf","ff:ff:ff:ff:ff:ff",,,
"404","Dec 31, 2009 18:02:06.513184000 CST","52:54:00:12:35:00","08:00:27:a1:5f:bf",,,
"405","Dec 31, 2009 18:02:06.513714000 CST","08:00:27:a1:5f:bf","52:54:00:12:35:02","10.0.4.15","192.168.56.51","6"
"406","Dec 31, 2009 18:02:06.521522000 CST","52:54:00:12:35:00","08:00:27:a1:5f:bf","192.168.56.51","10.0.4.15","6"
"407","Dec 31, 2009 18:02:06.522365000 CST","08:00:27:a1:5f:bf","52:54:00:12:35:02","10.0.4.15","192.168.56.51","6"
"408","Dec 31, 2009 18:02:06.525246000 CST","08:00:27:a1:5f:bf","52:54:00:12:35:02","10.0.4.15","192.168.56.51","6"
"409","Dec 31, 2009 18:02:06.525402000 CST","52:54:00:12:35:00","08:00:27:a1:5f:bf","192.168.56.51","10.0.4.15","6"
"410","Dec 31, 2009 18:02:06.551359000 CST","08:00:27:a1:5f:bf","ff:ff:ff:ff:ff:ff","10.0.4.15","10.0.4.255","17"
"411","Dec 31, 2009 18:02:06.552236000 CST","08:00:27:a1:5f:bf","ff:ff:ff:ff:ff:ff","10.0.4.15","10.0.4.255","17"
"412","Dec 31, 2009 18:02:06.642597000 CST","52:54:00:12:35:00","08:00:27:a1:5f:bf","192.168.56.51","10.0.4.15","6"
"413","Dec 31, 2009 18:02:06.645003000 CST","52:54:00:12:35:00","08:00:27:a1:5f:bf","192.168.56.51","10.0.4.15","6"
"414","Dec 31, 2009 18:02:06.645854000 CST","08:00:27:a1:5f:bf","52:54:00:12:35:02","10.0.4.15","192.168.56.51","6"
"415","Dec 31, 2009 18:02:06.645923000 CST","52:54:00:12:35:00","08:00:27:a1:5f:bf","192.168.56.51","10.0.4.15","6"
"416","Dec 31, 2009 18:02:06.674595000 CST","08:00:27:a1:5f:bf","52:54:00:12:35:02","10.0.4.15","192.168.56.51","6"
"417","Dec 31, 2009 18:02:06.674752000 CST","52:54:00:12:35:00","08:00:27:a1:5f:bf","192.168.56.51","10.0.4.15","6"
"418","Dec 31, 2009 18:02:06.678116000 CST","08:00:27:a1:5f:bf","52:54:00:12:35:02","10.0.4.15","192.168.56.51","6"
"419","Dec 31, 2009 18:02:06.682018000 CST","52:54:00:12:35:00","08:00:27:a1:5f:bf","192.168.56.51","10.0.4.15","6"
"420","Dec 31, 2009 18:02:06.683190000 CST","08:00:27:a1:5f:bf","52:54:00:12:35:02","10.0.4.15","192.168.56.51","6"
"421","Dec 31, 2009 18:02:06.684366000 CST","08:00:27:a1:5f:bf","52:54:00:12:35:02","10.0.4.15","192.168.56.51","6"
"422","Dec 31, 2009 18:02:06.684471000 CST","52:54:00:12:35:00","08:00:27:a1:5f:bf","192.168.56.51","10.0.4.15","6"
"423","Dec 31, 2009 18:02:06.700843000 CST","52:54:00:12:35:00","08:00:27:a1:5f:bf","192.168.56.51","10.0.4.15","6"
"424","Dec 31, 2009 18:02:06.712526000 CST","52:54:00:12:35:00","08:00:27:a1:5f:bf","192.168.56.51","10.0.4.15","6"
"425","Dec 31, 2009 18:02:06.751806000 CST","08:00:27:a1:5f:bf","52:54:00:12:35:02","10.0.4.15","192.168.56.51","6"
"426","Dec 31, 2009 18:02:06.752010000 CST","52:54:00:12:35:00","08:00:27:a1:5f:bf","192.168.56.51","10.0.4.15","6"
"427","Dec 31, 2009 18:02:06.754816000 CST","52:54:00:12:35:00","08:00:27:a1:5f:bf","192.168.56.51","10.0.4.15","6"
"428","Dec 31, 2009 18:02:06.786483000 CST","08:00:27:a1:5f:bf","52:54:00:12:35:02","10.0.4.15","192.168.56.51","6"
"429","Dec 31, 2009 18:02:06.786670000 CST","52:54:00:12:35:00","08:00:27:a1:5f:bf","192.168.56.51","10.0.4.15","6"
"430","Dec 31, 2009 18:02:06.790342000 CST","52:54:00:12:35:00","08:00:27:a1:5f:bf","192.168.56.51","10.0.4.15","6"
"431","Dec 31, 2009 18:02:06.792181000 CST","08:00:27:a1:5f:bf","52:54:00:12:35:02","10.0.4.15","192.168.56.51","6"
"432","Dec 31, 2009 18:02:06.793110000 CST","52:54:00:12:35:00","08:00:27:a1:5f:bf","192.168.56.51","10.0.4.15","6"
"433","Dec 31, 2009 18:02:06.795542000 CST","52:54:00:12:35:00","08:00:27:a1:5f:bf","192.168.56.51","10.0.4.15","6"
"434","Dec 31, 2009 18:02:06.817060000 CST","08:00:27:a1:5f:bf","52:54:00:12:35:02","10.0.4.15","192.168.56.51","6"
"435","Dec 31, 2009 18:02:06.818634000 CST","52:54:00:12:35:00","08:00:27:a1:5f:bf","192.168.56.51","10.0.4.15","6"
"436","Dec 31, 2009 18:02:06.822148000 CST","52:54:00:12:35:00","08:00:27:a1:5f:bf","192.168.56.51","10.0.4.15","6"
"437","Dec 31, 2009 18:02:06.837597000 CST","08:00:27:a1:5f:bf","52:54:00:12:35:02","10.0.4.15","192.168.56.51","6"
"438","Dec 31, 2009 18:02:06.837751000 CST","52:54:00:12:35:00","08:00:27:a1:5f:bf","192.168.56.51","10.0.4.15","6"
"439","Dec 31, 2009 18:02:06.839083000 CST","08:00:27:a1:5f:bf","52:54:00:12:35:02","10.0.4.15","192.168.56.51","6"
"440","Dec 31, 2009 18:02:06.839183000 CST","52:54:00:12:35:00","08:00:27:a1:5f:bf","192.168.56.51","10.0.4.15","6"
"441","Dec 31, 2009 18:02:06.841568000 CST","52:54:00:12:35:00","08:00:27:a1:5f:bf","192.168.56.51","10.0.4.15","6"
"442","Dec 31, 2009 18:02:06.842328000 CST","52:54:00:12:35:00","08:00:27:a1:5f:bf","192.168.56.51","10.0.4.15","6"
"443","Dec 31, 2009 18:02:06.864420000 CST","08:00:27:a1:5f:bf","52:54:00:12:35:02","10.0.4.15","192.168.56.52","6"
"444","Dec 31, 2009 18:02:06.869178000 CST","52:54:00:12:35:00","08:00:27:a1:5f:bf","192.168.56.52","10.0.4.15","6"
"445","Dec 31, 2009 18:02:06.869960000 CST","08:00:27:a1:5f:bf","52:54:00:12:35:02","10.0.4.15","192.168.56.52","6"
"446","Dec 31, 2009 18:02:06.873122000 CST","08:00:27:a1:5f:bf","52:54:00:12:35:02","10.0.4.15","192.168.56.51","6"
"447","Dec 31, 2009 18:02:06.873293000 CST","52:54:00:12:35:00","08:00:27:a1:5f:bf","192.168.56.51","10.0.4.15","6"
"448","Dec 31, 2009 18:02:06.874474000 CST","52:54:00:12:35:00","08:00:27:a1:5f:bf","192.168.56.51","10.0.4.15","6"
"449","Dec 31, 2009 18:02:06.885082000 CST","08:00:27:a1:5f:bf","52:54:00:12:35:02","10.0.4.15","192.168.56.52","6"
"450","Dec 31, 2009 18:02:06.885535000 CST","52:54:00:12:35:00","08:00:27:a1:5f:bf","192.168.56.52","10.0.4.15","6"
"451","Dec 31, 2009 18:02:06.894966000 CST","08:00:27:a1:5f:bf","52:54:00:12:35:02","10.0.4.15","192.168.56.51","6"
"452","Dec 31, 2009 18:02:06.895108000 CST","52:54:00:12:35:00","08:00:27:a1:5f:bf","192.168.56.51","10.0.4.15","6"
"453","Dec 31, 2009 18:02:06.895931000 CST","08:00:27:a1:5f:bf","52:54:00:12:35:02","10.0.4.15","192.168.56.51","6"
"454","Dec 31, 2009 18:02:06.896020000 CST","52:54:00:12:35:00","08:00:27:a1:5f:bf","192.168.56.51","10.0.4.15","6"
"455","Dec 31, 2009 18:02:06.906653000 CST","52:54:00:12:35:00","08:00:27:a1:5f:bf","192.168.56.51","10.0.4.15","6"
"456","Dec 31, 2009 18:02:06.907855000 CST","52:54:00:12:35:00","08:00:27:a1:5f:bf","192.168.56.51","10.0.4.15","6"
"457","Dec 31, 2009 18:02:06.921687000 CST","08:00:27:a1:5f:bf","52:54:00:12:35:02","10.0.4.15","192.168.56.51","6"
"458","Dec 31, 2009 18:02:06.921833000 CST","52:54:00:12:35:00","08:00:27:a1:5f:bf","192.168.56.51","10.0.4.15","6"
"459","Dec 31, 2009 18:02:06.924895000 CST","52:54:00:12:35:00","08:00:27:a1:5f:bf","192.168.56.51","10.0.4.15","6"
"460","Dec 31, 2009 18:02:06.928654000 CST","08:00:27:a1:5f:bf","52:54:00:12:35:02","10.0.4.15","192.168.56.51","6"
"461","Dec 31, 2009 18:02:06.928793000 CST","52:54:00:12:35:00","08:00:27:a1:5f:bf","192.168.56.51","10.0.4.15","6"
"462","Dec 31, 2009 18:02:06.937349000 CST","52:54:00:12:35:00","08:00:27:a1:5f:bf","192.168.56.51","10.0.4.15","6"
"463","Dec 31, 2009 18:02:06.941970000 CST","52:54:00:12:35:00","08:00:27:a1:5f:bf","192.168.56.52","10.0.4.15","6"
"464","Dec 31, 2009 18:02:06.986937000 CST","08:00:27:a1:5f:bf","52:54:00:12:35:02","10.0.4.15","192.168.56.51","6"
"465","Dec 31, 2009 18:02:06.987201000 CST","52:54:00:12:35:00","08:00:27:a1:5f:bf","192.168.56.51","10.0.4.15","6"
"466","Dec 31, 2009 18:02:06.994862000 CST","52:54:00:12:35:00","08:00:27:a1:5f:bf","192.168.56.51","10.0.4.15","6"
"467","Dec 31, 2009 18:02:07.018337000 CST","08:00:27:a1:5f:bf","52:54:00:12:35:02","10.0.4.15","192.168.56.52","6"
"468","Dec 31, 2009 18:02:07.018382000 CST","08:00:27:a1:5f:bf","52:54:00:12:35:02","10.0.4.15","192.168.56.51","6"
"469","Dec 31, 2009 18:02:07.019211000 CST","52:54:00:12:35:00","08:00:27:a1:5f:bf","192.168.56.52","10.0.4.15","6"
"470","Dec 31, 2009 18:02:07.019245000 CST","52:54:00:12:35:00","08:00:27:a1:5f:bf","192.168.56.51","10.0.4.15","6"
"471","Dec 31, 2009 18:02:07.036086000 CST","52:54:00:12:35:00","08:00:27:a1:5f:bf","192.168.56.51","10.0.4.15","6"
"472","Dec 31, 2009 18:02:07.089459000 CST","08:00:27:a1:5f:bf","52:54:00:12:35:02","10.0.4.15","192.168.56.51","6"
"473","Dec 31, 2009 18:02:07.089649000 CST","52:54:00:12:35:00","08:00:27:a1:5f:bf","192.168.56.51","10.0.4.15","6"
"474","Dec 31, 2009 18:02:07.105485000 CST","52:54:00:12:35:00","08:00:27:a1:5f:bf","192.168.56.51","10.0.4.15","6"
"475","Dec 31, 2009 18:02:07.107386000 CST","08:00:27:a1:5f:bf","52:54:00:12:35:02","10.0.4.15","192.168.56.51","6"
"476","Dec 31, 2009 18:02:07.107517000 CST","52:54:00:12:35:00","08:00:27:a1:5f:bf","192.168.56.51","10.0.4.15","6"
"477","Dec 31, 2009 18:02:07.114122000 CST","52:54:00:12:35:00","08:00:27:a1:5f:bf","192.168.56.51","10.0.4.15","6"
"478","Dec 31, 2009 18:02:07.116408000 CST","08:00:27:a1:5f:bf","52:54:00:12:35:02","10.0.4.15","192.168.56.51","6"
"479","Dec 31, 2009 18:02:07.124829000 CST","52:54:00:12:35:00","08:00:27:a1:5f:bf","192.168.56.51","10.0.4.15","6"
"480","Dec 31, 2009 18:02:07.124885000 CST","52:54:00:12:35:00","08:00:27:a1:5f:bf","192.168.56.51","10.0.4.15","6"
"481","Dec 31, 2009 18:02:07.284021000 CST","08:00:27:a1:5f:bf","52:54:00:12:35:02","10.0.4.15","192.168.56.51","6"
"482","Dec 31, 2009 18:02:07.284543000 CST","08:00:27:a1:5f:bf","52:54:00:12:35:02","10.0.4.15","192.168.56.51","6"
"483","Dec 31, 2009 18:02:07.849816000 CST","52:54:00:12:35:00","08:00:27:a1:5f:bf","192.168.56.52","10.0.4.15","6"
"484","Dec 31, 2009 18:02:07.849880000 CST","52:54:00:12:35:00","08:00:27:a1:5f:bf","192.168.56.52","10.0.4.15","6"
"485","Dec 31, 2009 18:02:08.058955000 CST","08:00:27:a1:5f:bf","52:54:00:12:35:02","10.0.4.15","192.168.56.52","6"
"486","Dec 31, 2009 18:02:08.059121000 CST","52:54:00:12:35:00","08:00:27:a1:5f:bf","192.168.56.52","10.0.4.15","6"
"487","Dec 31, 2009 18:02:08.059202000 CST","08:00:27:a1:5f:bf","ff:ff:ff:ff:ff:ff","10.0.4.15","10.0.4.255","17"
"488","Dec 31, 2009 18:02:08.059433000 CST","52:54:00:12:35:00","08:00:27:a1:5f:bf","192.168.56.52","10.0.4.15","6"
"489","Dec 31, 2009 18:02:08.059497000 CST","52:54:00:12:35:00","08:00:27:a1:5f:bf","192.168.56.52","10.0.4.15","6"
"490","Dec 31, 2009 18:02:08.062296000 CST","08:00:27:a1:5f:bf","52:54:00:12:35:02","10.0.4.15","192.168.56.52","6"
"491","Dec 31, 2009 18:02:08.062340000 CST","08:00:27:a1:5f:bf","52:54:00:12:35:02","10.0.4.15","192.168.56.52","6"
"492","Dec 31, 2009 18:02:08.062414000 CST","52:54:00:12:35:00","08:00:27:a1:5f:bf","192.168.56.52","10.0.4.15","6"
"493","Dec 31, 2009 18:02:08.062457000 CST","52:54:00:12:35:00","08:00:27:a1:5f:bf","192.168.56.52","10.0.4.15","6"
"494","Dec 31, 2009 18:02:08.062557000 CST","52:54:00:12:35:00","08:00:27:a1:5f:bf","192.168.56.52","10.0.4.15","6"
"495","Dec 31, 2009 18:02:08.062602000 CST","52:54:00:12:35:00","08:00:27:a1:5f:bf","192.168.56.52","10.0.4.15","6"
"496","Dec 31, 2009 18:02:08.062654000 CST","52:54:00:12:35:00","08:00:27:a1:5f:bf","192.168.56.52","10.0.4.15","6"
"497","Dec 31, 2009 18:02:08.064646000 CST","08:00:27:a1:5f:bf","52:54:00:12:35:02","10.0.4.15","192.168.56.52","6"
"498","Dec 31, 2009 18:02:08.065021000 CST","08:00:27:a1:5f:bf","52:54:00:12:35:02","10.0.4.15","192.168.56.52","6"
"499","Dec 31, 2009 18:02:08.065289000 CST","08:00:27:a1:5f:bf","52:54:00:12:35:02","10.0.4.15","192.168.56.52","6"
"500","Dec 31, 2009 18:02:08.066670000 CST","08:00:27:a1:5f:bf","52:54:00:12:35:02","10.0.4.15","192.168.56.52","6"
"501","Dec 31, 2009 18:02:08.069258000 CST","08:00:27:a1:5f:bf","52:54:00:12:35:02","10.0.4.15","192.168.56.52","6"
"502","Dec 31, 2009 18:02:08.946870000 CST","08:00:27:a1:5f:bf","52:54:00:12:35:02","10.0.4.15","192.168.56.52","6"
"503","Dec 31, 2009 18:02:08.947031000 CST","52:54:00:12:35:00","08:00:27:a1:5f:bf","192.168.56.52","10.0.4.15","6"
"504","Dec 31, 2009 18:02:08.954856000 CST","52:54:00:12:35:00","08:00:27:a1:5f:bf","192.168.56.52","10.0.4.15","6"
"505","Dec 31, 2009 18:02:08.954915000 CST","52:54:00:12:35:00","08:00:27:a1:5f:bf","192.168.56.52","10.0.4.15","6"
"506","Dec 31, 2009 18:02:08.954982000 CST","52:54:00:12:35:00","08:00:27:a1:5f:bf","192.168.56.52","10.0.4.15","6"
"507","Dec 31, 2009 18:02:08.956589000 CST","08:00:27:a1:5f:bf","52:54:00:12:35:02","10.0.4.15","192.168.56.52","6"
"508","Dec 31, 2009 18:02:08.956950000 CST","52:54:00:12:35:00","08:00:27:a1:5f:bf","192.168.56.52","10.0.4.15","6"
"509","Dec 31, 2009 18:02:08.957011000 CST","52:54:00:12:35:00","08:00:27:a1:5f:bf","192.168.56.52","10.0.4.15","6"
"510","Dec 31, 2009 18:02:08.957038000 CST","52:54:00:12:35:00","08:00:27:a1:5f:bf","192.168.56.52","10.0.4.15","6"
"511","Dec 31, 2009 18:02:08.957063000 CST","52:54:00:12:35:00","08:00:27:a1:5f:bf","192.168.56.52","10.0.4.15","6"
"512","Dec 31, 2009 18:02:08.957101000 CST","52:54:00:12:35:00","08:00:27:a1:5f:bf","192.168.56.52","10.0.4.15","6"
"513","Dec 31, 2009 18:02:08.957771000 CST","52:54:00:12:35:00","08:00:27:a1:5f:bf","192.168.56.52","10.0.4.15","6"
"514","Dec 31, 2009 18:02:08.959306000 CST","08:00:27:a1:5f:bf","52:54:00:12:35:02","10.0.4.15","192.168.56.52","6"
"515","Dec 31, 2009 18:02:08.959622000 CST","08:00:27:a1:5f:bf","52:54:00:12:35:02","10.0.4.15","192.168.56.52","6"
"516","Dec 31, 2009 18:02:08.959881000 CST","08:00:27:a1:5f:bf","52:54:00:12:35:02","10.0.4.15","192.168.56.52","6"
"517","Dec 31, 2009 18:02:08.961378000 CST","08:00:27:a1:5f:bf","52:54:00:12:35:02","10.0.4.15","192.168.56.52","6"
"518","Dec 31, 2009 18:02:09.013612000 CST","08:00:27:a1:5f:bf","52:54:00:12:35:02","10.0.4.15","192.168.56.52","6"
"519","Dec 31, 2009 18:02:09.013791000 CST","52:54:00:12:35:00","08:00:27:a1:5f:bf","192.168.56.52","10.0.4.15","6"
"520","Dec 31, 2009 18:02:09.022303000 CST","52:54:00:12:35:00","08:00:27:a1:5f:bf","192.168.56.52","10.0.4.15","6"
"521","Dec 31, 2009 18:02:09.022396000 CST","52:54:00:12:35:00","08:00:27:a1:5f:bf","192.168.56.52","10.0.4.15","6"
"522","Dec 31, 2009 18:02:09.024954000 CST","52:54:00:12:35:00","08:00:27:a1:5f:bf","192.168.56.52","10.0.4.15","6"
"523","Dec 31, 2009 18:02:09.025383000 CST","52:54:00:12:35:00","08:00:27:a1:5f:bf","192.168.56.52","10.0.4.15","6"
"524","Dec 31, 2009 18:02:09.025420000 CST","52:54:00:12:35:00","08:00:27:a1:5f:bf","192.168.56.52","10.0.4.15","6"
"525","Dec 31, 2009 18:02:09.025461000 CST","52:54:00:12:35:00","08:00:27:a1:5f:bf","192.168.56.52","10.0.4.15","6"
"526","Dec 31, 2009 18:02:09.025510000 CST","52:54:00:12:35:00","08:00:27:a1:5f:bf","192.168.56.52","10.0.4.15","6"
"527","Dec 31, 2009 18:02:09.025537000 CST","52:54:00:12:35:00","08:00:27:a1:5f:bf","192.168.56.52","10.0.4.15","6"
"528","Dec 31, 2009 18:02:09.025564000 CST","52:54:00:12:35:00","08:00:27:a1:5f:bf","192.168.56.52","10.0.4.15","6"
"529","Dec 31, 2009 18:02:09.027418000 CST","08:00:27:a1:5f:bf","52:54:00:12:35:02","10.0.4.15","192.168.56.52","6"
"530","Dec 31, 2009 18:02:09.027647000 CST","08:00:27:a1:5f:bf","52:54:00:12:35:02","10.0.4.15","192.168.56.52","6"
"531","Dec 31, 2009 18:02:09.028009000 CST","08:00:27:a1:5f:bf","52:54:00:12:35:02","10.0.4.15","192.168.56.52","6"
"532","Dec 31, 2009 18:02:09.028150000 CST","08:00:27:a1:5f:bf","52:54:00:12:35:02","10.0.4.15","192.168.56.52","6"
"533","Dec 31, 2009 18:02:09.040107000 CST","08:00:27:a1:5f:bf","52:54:00:12:35:02","10.0.4.15","192.168.56.52","6"
"534","Dec 31, 2009 18:02:09.553202000 CST","08:00:27:a1:5f:bf","ff:ff:ff:ff:ff:ff","10.0.4.15","10.0.4.255","17"
"535","Dec 31, 2009 18:02:09.979131000 CST","08:00:27:a1:5f:bf","52:54:00:12:35:02","10.0.4.15","192.168.56.52","6"
"536","Dec 31, 2009 18:02:09.979289000 CST","52:54:00:12:35:00","08:00:27:a1:5f:bf","192.168.56.52","10.0.4.15","6"
"537","Dec 31, 2009 18:02:09.981988000 CST","52:54:00:12:35:00","08:00:27:a1:5f:bf","192.168.56.52","10.0.4.15","6"
"538","Dec 31, 2009 18:02:10.090291000 CST","08:00:27:a1:5f:bf","52:54:00:12:35:02","10.0.4.15","192.168.56.52","6"
"539","Dec 31, 2009 18:02:10.627308000 CST","08:00:27:a1:5f:bf","52:54:00:12:35:02","10.0.4.15","192.168.1.1","17"
"540","Dec 31, 2009 18:02:10.629748000 CST","52:54:00:12:35:00","08:00:27:a1:5f:bf","192.168.1.1","10.0.4.15","17"
"541","Dec 31, 2009 18:02:10.633795000 CST","08:00:27:a1:5f:bf","52:54:00:12:35:02","10.0.4.15","64.236.114.1","6"
"542","Dec 31, 2009 18:02:10.784698000 CST","52:54:00:12:35:00","08:00:27:a1:5f:bf","64.236.114.1","10.0.4.15","6"
"543","Dec 31, 2009 18:02:10.785565000 CST","08:00:27:a1:5f:bf","52:54:00:12:35:02","10.0.4.15","64.236.114.1","6"
"544","Dec 31, 2009 18:02:10.791015000 CST","08:00:27:a1:5f:bf","52:54:00:12:35:02","10.0.4.15","64.236.114.1","6"
"545","Dec 31, 2009 18:02:10.791181000 CST","52:54:00:12:35:00","08:00:27:a1:5f:bf","64.236.114.1","10.0.4.15","6"
"546","Dec 31, 2009 18:02:11.054961000 CST","08:00:27:a1:5f:bf","ff:ff:ff:ff:ff:ff","10.0.4.15","10.0.4.255","17"
"547","Dec 31, 2009 18:02:11.120068000 CST","52:54:00:12:35:00","08:00:27:a1:5f:bf","64.236.114.1","10.0.4.15","6"
"548","Dec 31, 2009 18:02:11.128283000 CST","52:54:00:12:35:00","08:00:27:a1:5f:bf","64.236.114.1","10.0.4.15","6"
"549","Dec 31, 2009 18:02:11.132167000 CST","08:00:27:a1:5f:bf","52:54:00:12:35:02","10.0.4.15","64.236.114.1","6"
"550","Dec 31, 2009 18:02:11.143712000 CST","52:54:00:12:35:00","08:00:27:a1:5f:bf","64.236.114.1","10.0.4.15","6"
"551","Dec 31, 2009 18:02:11.278764000 CST","52:54:00:12:35:00","08:00:27:a1:5f:bf","64.236.114.1","10.0.4.15","6"
"552","Dec 31, 2009 18:02:11.279478000 CST","08:00:27:a1:5f:bf","52:54:00:12:35:02","10.0.4.15","64.236.114.1","6"
"553","Dec 31, 2009 18:02:11.286633000 CST","52:54:00:12:35:00","08:00:27:a1:5f:bf","64.236.114.1","10.0.4.15","6"
"554","Dec 31, 2009 18:02:11.297229000 CST","52:54:00:12:35:00","08:00:27:a1:5f:bf","64.236.114.1","10.0.4.15","6"
"555","Dec 31, 2009 18:02:11.332017000 CST","52:54:00:12:35:00","08:00:27:a1:5f:bf","64.236.114.1","10.0.4.15","6"
"556","Dec 31, 2009 18:02:11.332047000 CST","52:54:00:12:35:00","08:00:27:a1:5f:bf","64.236.114.1","10.0.4.15","6"
"557","Dec 31, 2009 18:02:11.335399000 CST","08:00:27:a1:5f:bf","52:54:00:12:35:02","10.0.4.15","64.236.114.1","6"
"558","Dec 31, 2009 18:02:11.335630000 CST","08:00:27:a1:5f:bf","52:54:00:12:35:02","10.0.4.15","64.236.114.1","6"
"559","Dec 31, 2009 18:02:11.437200000 CST","52:54:00:12:35:00","08:00:27:a1:5f:bf","64.236.114.1","10.0.4.15","6"
"560","Dec 31, 2009 18:02:11.446505000 CST","52:54:00:12:35:00","08:00:27:a1:5f:bf","64.236.114.1","10.0.4.15","6"
"561","Dec 31, 2009 18:02:11.447171000 CST","08:00:27:a1:5f:bf","52:54:00:12:35:02","10.0.4.15","64.236.114.1","6"
"562","Dec 31, 2009 18:02:11.456172000 CST","52:54:00:12:35:00","08:00:27:a1:5f:bf","64.236.114.1","10.0.4.15","6"
"563","Dec 31, 2009 18:02:11.478856000 CST","52:54:00:12:35:00","08:00:27:a1:5f:bf","64.236.114.1","10.0.4.15","6"
"564","Dec 31, 2009 18:02:11.479408000 CST","08:00:27:a1:5f:bf","52:54:00:12:35:02","10.0.4.15","64.236.114.1","6"
"565","Dec 31, 2009 18:02:11.483256000 CST","52:54:00:12:35:00","08:00:27:a1:5f:bf","64.236.114.1","10.0.4.15","6"
"566","Dec 31, 2009 18:02:11.496585000 CST","52:54:00:12:35:00","08:00:27:a1:5f:bf","64.236.114.1","10.0.4.15","6"
"567","Dec 31, 2009 18:02:11.504377000 CST","08:00:27:a1:5f:bf","52:54:00:12:35:02","10.0.4.15","64.236.114.1","6"
"568","Dec 31, 2009 18:02:11.514127000 CST","52:54:00:12:35:00","08:00:27:a1:5f:bf","64.236.114.1","10.0.4.15","6"
"569","Dec 31, 2009 18:02:11.530982000 CST","52:54:00:12:35:00","08:00:27:a1:5f:bf","64.236.114.1","10.0.4.15","6"
"570","Dec 31, 2009 18:02:11.531586000 CST","08:00:27:a1:5f:bf","52:54:00:12:35:02","10.0.4.15","64.236.114.1","6"
"571","Dec 31, 2009 18:02:11.588320000 CST","52:54:00:12:35:00","08:00:27:a1:5f:bf","64.236.114.1","10.0.4.15","6"
"572","Dec 31, 2009 18:02:11.597638000 CST","52:54:00:12:35:00","08:00:27:a1:5f:bf","64.236.114.1","10.0.4.15","6"
"573","Dec 31, 2009 18:02:11.598266000 CST","08:00:27:a1:5f:bf","52:54:00:12:35:02","10.0.4.15","64.236.114.1","6"
"574","Dec 31, 2009 18:02:11.608653000 CST","52:54:00:12:35:00","08:00:27:a1:5f:bf","64.236.114.1","10.0.4.15","6"
"575","Dec 31, 2009 18:02:11.615398000 CST","52:54:00:12:35:00","08:00:27:a1:5f:bf","64.236.114.1","10.0.4.15","6"
"576","Dec 31, 2009 18:02:11.615990000 CST","08:00:27:a1:5f:bf","52:54:00:12:35:02","10.0.4.15","64.236.114.1","6"
"577","Dec 31, 2009 18:02:11.623302000 CST","52:54:00:12:35:00","08:00:27:a1:5f:bf","64.236.114.1","10.0.4.15","6"
"578","Dec 31, 2009 18:02:11.628613000 CST","52:54:00:12:35:00","08:00:27:a1:5f:bf","64.236.114.1","10.0.4.15","6"
"579","Dec 31, 2009 18:02:11.629447000 CST","08:00:27:a1:5f:bf","52:54:00:12:35:02","10.0.4.15","64.236.114.1","6"
"580","Dec 31, 2009 18:02:11.835721000 CST","08:00:27:a1:5f:bf","52:54:00:12:35:02","10.0.4.15","64.236.114.1","6"
"581","Dec 31, 2009 18:02:11.837064000 CST","08:00:27:a1:5f:bf","52:54:00:12:35:02","10.0.4.15","64.236.114.1","6"
"582","Dec 31, 2009 18:02:11.845359000 CST","52:54:00:12:35:00","08:00:27:a1:5f:bf","64.236.114.1","10.0.4.15","6"
"583","Dec 31, 2009 18:02:12.631941000 CST","08:00:27:a1:5f:bf","ff:ff:ff:ff:ff:ff","10.0.4.15","10.0.4.255","17"
"584","Dec 31, 2009 18:02:13.638886000 CST","08:00:27:a1:5f:bf","ff:ff:ff:ff:ff:ff","10.0.4.15","10.0.4.255","17"
"585","Dec 31, 2009 18:02:14.647971000 CST","08:00:27:a1:5f:bf","ff:ff:ff:ff:ff:ff","10.0.4.15","10.0.4.255","17"
"586","Dec 31, 2009 18:02:15.640178000 CST","08:00:27:a1:5f:bf","ff:ff:ff:ff:ff:ff","10.0.4.15","10.0.4.255","17"
"587","Dec 31, 2009 18:02:16.435387000 CST","08:00:27:a1:5f:bf","52:54:00:12:35:02","10.0.4.15","192.168.1.1","17"
"588","Dec 31, 2009 18:02:16.439617000 CST","52:54:00:12:35:00","08:00:27:a1:5f:bf","192.168.1.1","10.0.4.15","17"
"589","Dec 31, 2009 18:02:16.441361000 CST","08:00:27:a1:5f:bf","52:54:00:12:35:02","10.0.4.15","74.125.77.102","6"
"590","Dec 31, 2009 18:02:16.516381000 CST","52:54:00:12:35:00","08:00:27:a1:5f:bf","74.125.77.102","10.0.4.15","6"
"591","Dec 31, 2009 18:02:16.517227000 CST","08:00:27:a1:5f:bf","52:54:00:12:35:02","10.0.4.15","74.125.77.102","6"
"592","Dec 31, 2009 18:02:16.518244000 CST","08:00:27:a1:5f:bf","52:54:00:12:35:02","10.0.4.15","74.125.77.102","6"
"593","Dec 31, 2009 18:02:16.518426000 CST","52:54:00:12:35:00","08:00:27:a1:5f:bf","74.125.77.102","10.0.4.15","6"
"594","Dec 31, 2009 18:02:16.599015000 CST","52:54:00:12:35:00","08:00:27:a1:5f:bf","74.125.77.102","10.0.4.15","6"
"595","Dec 31, 2009 18:02:16.599133000 CST","52:54:00:12:35:00","08:00:27:a1:5f:bf","74.125.77.102","10.0.4.15","6"
"596","Dec 31, 2009 18:02:16.599796000 CST","08:00:27:a1:5f:bf","52:54:00:12:35:02","10.0.4.15","74.125.77.102","6"
"597","Dec 31, 2009 18:02:16.656270000 CST","08:00:27:a1:5f:bf","ff:ff:ff:ff:ff:ff","10.0.4.15","10.0.4.255","17"
"598","Dec 31, 2009 18:02:17.406876000 CST","08:00:27:a1:5f:bf","ff:ff:ff:ff:ff:ff","10.0.4.15","10.0.4.255","17"
"599","Dec 31, 2009 18:02:18.158793000 CST","08:00:27:a1:5f:bf","ff:ff:ff:ff:ff:ff","10.0.4.15","10.0.4.255","17"
"600","Dec 31, 2009 18:02:18.909287000 CST","08:00:27:a1:5f:bf","ff:ff:ff:ff:ff:ff","10.0.4.15","10.0.4.255","17"
"601","Dec 31, 2009 18:02:19.736942000 CST","08:00:27:a1:5f:bf","ff:ff:ff:ff:ff:ff","10.0.4.15","10.0.4.255","17"
"602","Dec 31, 2009 18:02:20.481422000 CST","08:00:27:a1:5f:bf","ff:ff:ff:ff:ff:ff","10.0.4.15","10.0.4.255","17"
"603","Dec 31, 2009 18:02:21.232458000 CST","08:00:27:a1:5f:bf","ff:ff:ff:ff:ff:ff","10.0.4.15","10.0.4.255","17"
"604","Dec 31, 2009 18:02:21.983565000 CST","08:00:27:a1:5f:bf","ff:ff:ff:ff:ff:ff","10.0.4.15","10.0.4.255","17"
"605","Dec 31, 2009 18:02:22.116387000 CST","52:54:00:12:35:00","08:00:27:a1:5f:bf","192.168.56.51","10.0.4.15","6"
"606","Dec 31, 2009 18:02:22.117069000 CST","08:00:27:a1:5f:bf","52:54:00:12:35:02","10.0.4.15","192.168.56.51","6"
"607","Dec 31, 2009 18:02:22.127878000 CST","52:54:00:12:35:00","08:00:27:a1:5f:bf","192.168.56.51","10.0.4.15","6"
"608","Dec 31, 2009 18:02:22.128506000 CST","08:00:27:a1:5f:bf","52:54:00:12:35:02","10.0.4.15","192.168.56.51","6"
"609","Dec 31, 2009 18:02:22.735055000 CST","08:00:27:a1:5f:bf","ff:ff:ff:ff:ff:ff","10.0.4.15","10.0.4.255","17"
"610","Dec 31, 2009 18:02:22.735122000 CST","08:00:27:a1:5f:bf","ff:ff:ff:ff:ff:ff","10.0.4.15","10.0.4.255","17"
"611","Dec 31, 2009 18:02:22.739712000 CST","08:00:27:a1:5f:bf","ff:ff:ff:ff:ff:ff","10.0.4.15","10.0.4.255","17"
"612","Dec 31, 2009 18:02:24.986884000 CST","52:54:00:12:35:00","08:00:27:a1:5f:bf","192.168.56.52","10.0.4.15","6"
"613","Dec 31, 2009 18:02:24.989303000 CST","08:00:27:a1:5f:bf","52:54:00:12:35:02","10.0.4.15","192.168.56.52","6"
"614","Dec 31, 2009 18:02:25.040501000 CST","08:00:27:a1:5f:bf","52:54:00:12:35:02","10.0.4.15","192.168.56.51","6"
"615","Dec 31, 2009 18:02:25.045594000 CST","08:00:27:a1:5f:bf","52:54:00:12:35:02","10.0.4.15","192.168.56.51","6"
"616","Dec 31, 2009 18:02:45.201267000 CST","08:00:27:a1:5f:bf","ff:ff:ff:ff:ff:ff","10.0.4.15","10.0.4.255","17"
"617","Dec 31, 2009 18:03:06.864696000 CST","08:00:27:a1:5f:bf","52:54:00:12:35:02","10.0.4.15","192.168.56.52","6"
"618","Dec 31, 2009 18:03:06.864848000 CST","52:54:00:12:35:00","08:00:27:a1:5f:bf","192.168.56.52","10.0.4.15","6"
"619","Dec 31, 2009 18:03:06.892339000 CST","08:00:27:a1:5f:bf","52:54:00:12:35:02","10.0.4.15","192.168.56.52","6"
"620","Dec 31, 2009 18:03:06.893513000 CST","52:54:00:12:35:00","08:00:27:a1:5f:bf","192.168.56.52","10.0.4.15","6"
"621","Dec 31, 2009 18:03:06.894836000 CST","08:00:27:a1:5f:bf","52:54:00:12:35:02","10.0.4.15","192.168.56.52","6"
"622","Dec 31, 2009 18:03:06.936931000 CST","08:00:27:a1:5f:bf","52:54:00:12:35:02","10.0.4.15","192.168.56.52","6"
"623","Dec 31, 2009 18:03:06.937139000 CST","52:54:00:12:35:00","08:00:27:a1:5f:bf","192.168.56.52","10.0.4.15","6"
"624","Dec 31, 2009 18:03:06.942043000 CST","52:54:00:12:35:00","08:00:27:a1:5f:bf","192.168.56.52","10.0.4.15","6"
"625","Dec 31, 2009 18:03:06.942183000 CST","52:54:00:12:35:00","08:00:27:a1:5f:bf","192.168.56.52","10.0.4.15","6"
"626","Dec 31, 2009 18:03:06.943219000 CST","08:00:27:a1:5f:bf","52:54:00:12:35:02","10.0.4.15","192.168.56.52","6"
"627","Dec 31, 2009 18:03:06.943328000 CST","52:54:00:12:35:00","08:00:27:a1:5f:bf","192.168.56.52","10.0.4.15","6"
"628","Dec 31, 2009 18:03:06.944421000 CST","08:00:27:a1:5f:bf","52:54:00:12:35:02","10.0.4.15","192.168.56.52","6"
"629","Dec 31, 2009 18:03:06.944628000 CST","52:54:00:12:35:00","08:00:27:a1:5f:bf","192.168.56.52","10.0.4.15","6"
"630","Dec 31, 2009 18:03:06.944866000 CST","52:54:00:12:35:00","08:00:27:a1:5f:bf","192.168.56.52","10.0.4.15","6"
"631","Dec 31, 2009 18:03:06.945018000 CST","52:54:00:12:35:00","08:00:27:a1:5f:bf","192.168.56.52","10.0.4.15","6"
"632","Dec 31, 2009 18:03:06.945290000 CST","52:54:00:12:35:00","08:00:27:a1:5f:bf","192.168.56.52","10.0.4.15","6"
"633","Dec 31, 2009 18:03:06.946624000 CST","08:00:27:a1:5f:bf","52:54:00:12:35:02","10.0.4.15","192.168.56.52","6"
"634","Dec 31, 2009 18:03:06.946721000 CST","52:54:00:12:35:00","08:00:27:a1:5f:bf","192.168.56.52","10.0.4.15","6"
"635","Dec 31, 2009 18:03:06.950712000 CST","52:54:00:12:35:00","08:00:27:a1:5f:bf","192.168.56.52","10.0.4.15","6"
"636","Dec 31, 2009 18:03:06.950758000 CST","08:00:27:a1:5f:bf","52:54:00:12:35:02","10.0.4.15","192.168.56.52","6"
"637","Dec 31, 2009 18:03:06.950780000 CST","08:00:27:a1:5f:bf","52:54:00:12:35:02","10.0.4.15","192.168.56.52","6"
"638","Dec 31, 2009 18:03:06.951787000 CST","08:00:27:a1:5f:bf","52:54:00:12:35:02","10.0.4.15","192.168.56.52","6"
"639","Dec 31, 2009 18:03:07.123379000 CST","08:00:27:a1:5f:bf","52:54:00:12:35:02","10.0.4.15","192.168.56.52","6"
"640","Dec 31, 2009 18:03:11.387833000 CST","08:00:27:a1:5f:bf","52:54:00:12:35:02","10.0.4.15","64.236.114.1","6"
"641","Dec 31, 2009 18:03:12.087501000 CST","52:54:00:12:35:00","08:00:27:a1:5f:bf","64.236.114.1","10.0.4.15","6"
"642","Dec 31, 2009 18:03:12.088364000 CST","08:00:27:a1:5f:bf","52:54:00:12:35:02","10.0.4.15","64.236.114.1","6"
"643","Dec 31, 2009 18:03:12.144977000 CST","08:00:27:a1:5f:bf","52:54:00:12:35:02","10.0.4.15","64.236.114.1","6"
"644","Dec 31, 2009 18:03:12.145166000 CST","52:54:00:12:35:00","08:00:27:a1:5f:bf","64.236.114.1","10.0.4.15","6"
"645","Dec 31, 2009 18:03:12.946721000 CST","52:54:00:12:35:00","08:00:27:a1:5f:bf","64.236.114.1","10.0.4.15","6"
"646","Dec 31, 2009 18:03:12.961153000 CST","52:54:00:12:35:00","08:00:27:a1:5f:bf","64.236.114.1","10.0.4.15","6"
"647","Dec 31, 2009 18:03:12.962290000 CST","08:00:27:a1:5f:bf","52:54:00:12:35:02","10.0.4.15","64.236.114.1","6"
"648","Dec 31, 2009 18:03:12.970622000 CST","52:54:00:12:35:00","08:00:27:a1:5f:bf","64.236.114.1","10.0.4.15","6"
"649","Dec 31, 2009 18:03:13.096686000 CST","08:00:27:a1:5f:bf","52:54:00:12:35:02","10.0.4.15","64.236.114.1","6"
"650","Dec 31, 2009 18:03:13.581026000 CST","52:54:00:12:35:00","08:00:27:a1:5f:bf","64.236.114.1","10.0.4.15","6"
"651","Dec 31, 2009 18:03:13.596034000 CST","52:54:00:12:35:00","08:00:27:a1:5f:bf","64.236.114.1","10.0.4.15","6"
"652","Dec 31, 2009 18:03:13.597130000 CST","08:00:27:a1:5f:bf","52:54:00:12:35:02","10.0.4.15","64.236.114.1","6"
"653","Dec 31, 2009 18:03:13.608719000 CST","52:54:00:12:35:00","08:00:27:a1:5f:bf","64.236.114.1","10.0.4.15","6"
"654","Dec 31, 2009 18:03:13.749260000 CST","52:54:00:12:35:00","08:00:27:a1:5f:bf","64.236.114.1","10.0.4.15","6"
"655","Dec 31, 2009 18:03:13.750050000 CST","08:00:27:a1:5f:bf","52:54:00:12:35:02","10.0.4.15","64.236.114.1","6"
"656","Dec 31, 2009 18:03:13.758822000 CST","52:54:00:12:35:00","08:00:27:a1:5f:bf","64.236.114.1","10.0.4.15","6"
"657","Dec 31, 2009 18:03:13.900118000 CST","08:00:27:a1:5f:bf","52:54:00:12:35:02","10.0.4.15","64.236.114.1","6"
"658","Dec 31, 2009 18:03:14.315733000 CST","52:54:00:12:35:00","08:00:27:a1:5f:bf","64.236.114.1","10.0.4.15","6"
"659","Dec 31, 2009 18:03:14.325864000 CST","52:54:00:12:35:00","08:00:27:a1:5f:bf","64.236.114.1","10.0.4.15","6"
"660","Dec 31, 2009 18:03:14.326950000 CST","08:00:27:a1:5f:bf","52:54:00:12:35:02","10.0.4.15","64.236.114.1","6"
"661","Dec 31, 2009 18:03:14.336578000 CST","52:54:00:12:35:00","08:00:27:a1:5f:bf","64.236.114.1","10.0.4.15","6"
"662","Dec 31, 2009 18:03:14.348742000 CST","52:54:00:12:35:00","08:00:27:a1:5f:bf","64.236.114.1","10.0.4.15","6"
"663","Dec 31, 2009 18:03:14.349457000 CST","08:00:27:a1:5f:bf","52:54:00:12:35:02","10.0.4.15","64.236.114.1","6"
"664","Dec 31, 2009 18:03:14.362565000 CST","52:54:00:12:35:00","08:00:27:a1:5f:bf","64.236.114.1","10.0.4.15","6"
"665","Dec 31, 2009 18:03:14.499311000 CST","08:00:27:a1:5f:bf","52:54:00:12:35:02","10.0.4.15","64.236.114.1","6"
"666","Dec 31, 2009 18:03:14.606633000 CST","52:54:00:12:35:00","08:00:27:a1:5f:bf","64.236.114.1","10.0.4.15","6"
"667","Dec 31, 2009 18:03:14.616332000 CST","52:54:00:12:35:00","08:00:27:a1:5f:bf","64.236.114.1","10.0.4.15","6"
"668","Dec 31, 2009 18:03:14.617215000 CST","08:00:27:a1:5f:bf","52:54:00:12:35:02","10.0.4.15","64.236.114.1","6"
"669","Dec 31, 2009 18:03:14.631106000 CST","52:54:00:12:35:00","08:00:27:a1:5f:bf","64.236.114.1","10.0.4.15","6"
"670","Dec 31, 2009 18:03:14.798984000 CST","08:00:27:a1:5f:bf","52:54:00:12:35:02","10.0.4.15","64.236.114.1","6"
"671","Dec 31, 2009 18:03:15.018726000 CST","52:54:00:12:35:00","08:00:27:a1:5f:bf","64.236.114.1","10.0.4.15","6"
"672","Dec 31, 2009 18:03:15.031080000 CST","52:54:00:12:35:00","08:00:27:a1:5f:bf","64.236.114.1","10.0.4.15","6"
"673","Dec 31, 2009 18:03:15.032136000 CST","08:00:27:a1:5f:bf","52:54:00:12:35:02","10.0.4.15","64.236.114.1","6"
"674","Dec 31, 2009 18:03:15.043946000 CST","52:54:00:12:35:00","08:00:27:a1:5f:bf","64.236.114.1","10.0.4.15","6"
"675","Dec 31, 2009 18:03:15.053522000 CST","52:54:00:12:35:00","08:00:27:a1:5f:bf","64.236.114.1","10.0.4.15","6"
"676","Dec 31, 2009 18:03:15.054721000 CST","08:00:27:a1:5f:bf","52:54:00:12:35:02","10.0.4.15","64.236.114.1","6"
"677","Dec 31, 2009 18:03:15.061044000 CST","52:54:00:12:35:00","08:00:27:a1:5f:bf","64.236.114.1","10.0.4.15","6"
"678","Dec 31, 2009 18:03:15.062295000 CST","08:00:27:a1:5f:bf","52:54:00:12:35:02","10.0.4.15","64.236.114.1","6"
"679","Dec 31, 2009 18:03:15.062396000 CST","52:54:00:12:35:00","08:00:27:a1:5f:bf","64.236.114.1","10.0.4.15","6"
"680","Dec 31, 2009 18:03:15.066931000 CST","52:54:00:12:35:00","08:00:27:a1:5f:bf","64.236.114.1","10.0.4.15","6"
"681","Dec 31, 2009 18:03:15.068040000 CST","08:00:27:a1:5f:bf","52:54:00:12:35:02","10.0.4.15","64.236.114.1","6"
"682","Dec 31, 2009 18:03:16.046632000 CST","08:00:27:a1:5f:bf","52:54:00:12:35:02","10.0.4.15","74.125.77.102","6"
"683","Dec 31, 2009 18:03:16.628180000 CST","52:54:00:12:35:00","08:00:27:a1:5f:bf","74.125.77.102","10.0.4.15","6"
"684","Dec 31, 2009 18:03:16.629110000 CST","08:00:27:a1:5f:bf","52:54:00:12:35:02","10.0.4.15","74.125.77.102","6"
"685","Dec 31, 2009 18:03:16.630847000 CST","08:00:27:a1:5f:bf","52:54:00:12:35:02","10.0.4.15","74.125.77.102","6"
"686","Dec 31, 2009 18:03:16.630986000 CST","52:54:00:12:35:00","08:00:27:a1:5f:bf","74.125.77.102","10.0.4.15","6"
"687","Dec 31, 2009 18:03:16.683794000 CST","08:00:27:a1:5f:bf","52:54:00:12:35:02","10.0.4.15","74.125.77.102","6"
"688","Dec 31, 2009 18:03:17.205717000 CST","52:54:00:12:35:00","08:00:27:a1:5f:bf","74.125.77.102","10.0.4.15","6"
"689","Dec 31, 2009 18:03:17.209119000 CST","52:54:00:12:35:00","08:00:27:a1:5f:bf","74.125.77.102","10.0.4.15","6"
"690","Dec 31, 2009 18:03:17.209904000 CST","08:00:27:a1:5f:bf","52:54:00:12:35:02","10.0.4.15","74.125.77.102","6"
"691","Dec 31, 2009 18:03:21.946200000 CST","52:54:00:12:35:00","08:00:27:a1:5f:bf","192.168.56.52","10.0.4.15","6"
"692","Dec 31, 2009 18:03:21.947022000 CST","08:00:27:a1:5f:bf","52:54:00:12:35:02","10.0.4.15","192.168.56.52","6"
"693","Dec 31, 2009 18:03:22.762088000 CST","08:00:27:a1:5f:bf","ff:ff:ff:ff:ff:ff","10.0.4.15","10.0.4.255","17"
"694","Dec 31, 2009 18:03:25.754761000 CST","08:00:27:a1:5f:bf","52:54:00:12:35:02","10.0.4.15","64.236.114.1","6"
"695","Dec 31, 2009 18:03:26.413479000 CST","52:54:00:12:35:00","08:00:27:a1:5f:bf","64.236.114.1","10.0.4.15","6"
"696","Dec 31, 2009 18:03:27.611806000 CST","08:00:27:a1:5f:bf","52:54:00:12:35:02","10.0.4.15","74.125.77.102","6"
"697","Dec 31, 2009 18:03:32.625339000 CST","52:54:00:12:35:00","08:00:27:a1:5f:bf","64.236.114.1","10.0.4.15","6"
"698","Dec 31, 2009 18:03:59.931733000 CST","08:00:27:cd:3d:55","ff:ff:ff:ff:ff:ff","0.0.0.0","255.255.255.255","17"
"699","Dec 31, 2009 18:03:59.972229000 CST","52:54:00:12:35:00","08:00:27:cd:3d:55","10.0.5.2","10.0.5.15","17"
"700","Dec 31, 2009 18:03:59.973428000 CST","08:00:27:cd:3d:55","ff:ff:ff:ff:ff:ff","0.0.0.0","255.255.255.255","17"
"701","Dec 31, 2009 18:03:59.973544000 CST","52:54:00:12:35:00","08:00:27:cd:3d:55","10.0.5.2","10.0.5.15","17"
"702","Dec 31, 2009 18:03:59.993061000 CST","08:00:27:cd:3d:55","ff:ff:ff:ff:ff:ff",,,
"703","Dec 31, 2009 18:04:00.086932000 CST","08:00:27:cd:3d:55","ff:ff:ff:ff:ff:ff",,,
"704","Dec 31, 2009 18:04:01.088865000 CST","08:00:27:cd:3d:55","ff:ff:ff:ff:ff:ff",,,
"705","Dec 31, 2009 18:04:02.169759000 CST","08:00:27:cd:3d:55","ff:ff:ff:ff:ff:ff","10.0.5.15","10.0.5.255","17"
"706","Dec 31, 2009 18:04:02.181942000 CST","08:00:27:cd:3d:55","01:00:5e:00:00:16","10.0.5.15","224.0.0.22","2"
"707","Dec 31, 2009 18:04:02.182039000 CST","52:54:00:12:35:00","08:00:27:cd:3d:55","10.0.5.2","10.0.5.15","1"
"708","Dec 31, 2009 18:04:02.920617000 CST","08:00:27:cd:3d:55","ff:ff:ff:ff:ff:ff","10.0.5.15","10.0.5.255","17"
"709","Dec 31, 2009 18:04:03.092172000 CST","08:00:27:cd:3d:55","01:00:5e:00:00:16","10.0.5.15","224.0.0.22","2"
"710","Dec 31, 2009 18:04:03.092504000 CST","52:54:00:12:35:00","08:00:27:cd:3d:55","10.0.5.2","10.0.5.15","1"
"711","Dec 31, 2009 18:04:03.675086000 CST","08:00:27:cd:3d:55","ff:ff:ff:ff:ff:ff","10.0.5.15","10.0.5.255","17"
"712","Dec 31, 2009 18:04:04.181605000 CST","08:00:27:cd:3d:55","ff:ff:ff:ff:ff:ff",,,
"713","Dec 31, 2009 18:04:04.181734000 CST","52:54:00:12:35:00","08:00:27:cd:3d:55",,,
"714","Dec 31, 2009 18:04:04.182618000 CST","08:00:27:cd:3d:55","52:54:00:12:35:02","10.0.5.15","192.168.56.52","6"
"715","Dec 31, 2009 18:04:04.184483000 CST","52:54:00:12:35:00","08:00:27:cd:3d:55","192.168.56.52","10.0.5.15","6"
"716","Dec 31, 2009 18:04:04.185254000 CST","08:00:27:cd:3d:55","52:54:00:12:35:02","10.0.5.15","192.168.56.52","6"
"717","Dec 31, 2009 18:04:04.188203000 CST","08:00:27:cd:3d:55","52:54:00:12:35:02","10.0.5.15","192.168.56.52","6"
"718","Dec 31, 2009 18:04:04.189337000 CST","52:54:00:12:35:00","08:00:27:cd:3d:55","192.168.56.52","10.0.5.15","6"
"719","Dec 31, 2009 18:04:04.251241000 CST","52:54:00:12:35:00","08:00:27:cd:3d:55","192.168.56.52","10.0.5.15","6"
"720","Dec 31, 2009 18:04:04.251322000 CST","52:54:00:12:35:00","08:00:27:cd:3d:55","192.168.56.52","10.0.5.15","6"
"721","Dec 31, 2009 18:04:04.252636000 CST","08:00:27:cd:3d:55","52:54:00:12:35:02","10.0.5.15","192.168.56.52","6"
"722","Dec 31, 2009 18:04:04.252891000 CST","52:54:00:12:35:00","08:00:27:cd:3d:55","192.168.56.52","10.0.5.15","6"
"723","Dec 31, 2009 18:04:04.263626000 CST","08:00:27:cd:3d:55","52:54:00:12:35:02","10.0.5.15","192.168.56.52","6"
"724","Dec 31, 2009 18:04:04.423748000 CST","08:00:27:cd:3d:55","ff:ff:ff:ff:ff:ff","10.0.5.15","10.0.5.255","17"
"725","Dec 31, 2009 18:04:05.188146000 CST","08:00:27:cd:3d:55","ff:ff:ff:ff:ff:ff","10.0.5.15","10.0.5.255","17"
"726","Dec 31, 2009 18:04:05.935183000 CST","08:00:27:cd:3d:55","ff:ff:ff:ff:ff:ff","10.0.5.15","10.0.5.255","17"
"727","Dec 31, 2009 18:04:06.686237000 CST","08:00:27:cd:3d:55","ff:ff:ff:ff:ff:ff","10.0.5.15","10.0.5.255","17"
"728","Dec 31, 2009 18:04:07.436887000 CST","08:00:27:cd:3d:55","ff:ff:ff:ff:ff:ff","10.0.5.15","10.0.5.255","17"
"729","Dec 31, 2009 18:04:08.190303000 CST","08:00:27:cd:3d:55","ff:ff:ff:ff:ff:ff","10.0.5.15","10.0.5.255","17"
"730","Dec 31, 2009 18:04:08.203201000 CST","08:00:27:cd:3d:55","ff:ff:ff:ff:ff:ff","10.0.5.15","10.0.5.255","17"
"731","Dec 31, 2009 18:04:08.940156000 CST","08:00:27:cd:3d:55","ff:ff:ff:ff:ff:ff","10.0.5.15","10.0.5.255","17"
"732","Dec 31, 2009 18:04:08.948850000 CST","08:00:27:cd:3d:55","ff:ff:ff:ff:ff:ff","10.0.5.15","10.0.5.255","17"
"733","Dec 31, 2009 18:04:09.690401000 CST","08:00:27:cd:3d:55","ff:ff:ff:ff:ff:ff","10.0.5.15","10.0.5.255","17"
"734","Dec 31, 2009 18:04:09.700896000 CST","08:00:27:cd:3d:55","ff:ff:ff:ff:ff:ff","10.0.5.15","10.0.5.255","17"
"735","Dec 31, 2009 18:04:10.441333000 CST","08:00:27:cd:3d:55","ff:ff:ff:ff:ff:ff","10.0.5.15","10.0.5.255","17"
"736","Dec 31, 2009 18:04:10.451923000 CST","08:00:27:cd:3d:55","ff:ff:ff:ff:ff:ff","10.0.5.15","10.0.5.255","17"
"737","Dec 31, 2009 18:04:11.205845000 CST","08:00:27:cd:3d:55","ff:ff:ff:ff:ff:ff","10.0.5.15","10.0.5.255","17"
"738","Dec 31, 2009 18:04:11.207120000 CST","08:00:27:cd:3d:55","ff:ff:ff:ff:ff:ff","10.0.5.15","10.0.5.255","17"
"739","Dec 31, 2009 18:04:12.704588000 CST","08:00:27:cd:3d:55","ff:ff:ff:ff:ff:ff","10.0.5.15","10.0.5.255","17"
"740","Dec 31, 2009 18:04:14.208210000 CST","08:00:27:cd:3d:55","ff:ff:ff:ff:ff:ff","10.0.5.15","10.0.5.255","17"
"741","Dec 31, 2009 18:04:15.715308000 CST","08:00:27:cd:3d:55","ff:ff:ff:ff:ff:ff","10.0.5.15","10.0.5.255","17"
"742","Dec 31, 2009 18:04:17.211440000 CST","08:00:27:cd:3d:55","ff:ff:ff:ff:ff:ff","10.0.5.15","10.0.5.255","17"
"743","Dec 31, 2009 18:04:18.212958000 CST","08:00:27:cd:3d:55","ff:ff:ff:ff:ff:ff","10.0.5.15","10.0.5.255","17"
"744","Dec 31, 2009 18:04:19.224991000 CST","08:00:27:cd:3d:55","ff:ff:ff:ff:ff:ff","10.0.5.15","10.0.5.255","17"
"745","Dec 31, 2009 18:04:20.218104000 CST","08:00:27:cd:3d:55","ff:ff:ff:ff:ff:ff","10.0.5.15","10.0.5.255","17"
